id,Value
id_0,0
id_1,0
id_2,0
id_3,0
id_4,0
id_5,0
id_6,0
id_7,0
id_8,0
id_9,0
id_10,0
id_11,0
id_12,0
id_13,0
id_14,0
id_15,0
id_16,0
id_17,0
id_18,0
id_19,0
id_20,0
id_21,0
id_22,0
id_23,0
id_24,0
id_25,0
id_26,0
id_27,0
id_28,0
id_29,0
id_30,0
id_31,0
id_32,0
id_33,0
id_34,0
id_35,0
id_36,0
id_37,0
id_38,0
id_39,0
id_40,0
id_41,0
id_42,0
id_43,0
id_44,0
id_45,0
id_46,0
id_47,0
id_48,0
id_49,0
id_50,0
id_51,0
id_52,0
id_53,0
id_54,0
id_55,0
id_56,0
id_57,0
id_58,0
id_59,0
id_60,0
id_61,0
id_62,0
id_63,0
id_64,0
id_65,0
id_66,0
id_67,0
id_68,0
id_69,0
id_70,0
id_71,0
id_72,0
id_73,0
id_74,0
id_75,0
id_76,0
id_77,0
id_78,0
id_79,0
id_80,0
id_81,0
id_82,0
id_83,0
id_84,0
id_85,0
id_86,0
id_87,0
id_88,0
id_89,0
id_90,0
id_91,0
id_92,0
id_93,0
id_94,0
id_95,0
id_96,0
id_97,0
id_98,0
id_99,0
id_100,0
id_101,0
id_102,0
id_103,0
id_104,0
id_105,0
id_106,0
id_107,0
id_108,0
id_109,0
id_110,0
id_111,0
id_112,0
id_113,0
id_114,0
id_115,0
id_116,0
id_117,0
id_118,0
id_119,0
id_120,0
id_121,0
id_122,0
id_123,0
id_124,0
id_125,0
id_126,0
id_127,0
id_128,0
id_129,0
id_130,0
id_131,0
id_132,0
id_133,0
id_134,0
id_135,0
id_136,0
id_137,0
id_138,0
id_139,0
id_140,0
id_141,0
id_142,0
id_143,0
id_144,0
id_145,0
id_146,0
id_147,0
id_148,0
id_149,0
id_150,0
id_151,0
id_152,0
id_153,0
id_154,0
id_155,0
id_156,0
id_157,0
id_158,0
id_159,0
id_160,0
id_161,0
id_162,0
id_163,0
id_164,0
id_165,0
id_166,0
id_167,0
id_168,0
id_169,0
id_170,0
id_171,0
id_172,0
id_173,0
id_174,0
id_175,0
id_176,0
id_177,0
id_178,0
id_179,0
id_180,0
id_181,0
id_182,0
id_183,0
id_184,0
id_185,0
id_186,0
id_187,0
id_188,0
id_189,0
id_190,0
id_191,0
id_192,0
id_193,0
id_194,0
id_195,0
id_196,0
id_197,0
id_198,0
id_199,0
id_200,0
id_201,0
id_202,0
id_203,0
id_204,0
id_205,0
id_206,0
id_207,0
id_208,0
id_209,0
id_210,0
id_211,0
id_212,0
id_213,0
id_214,0
id_215,0
id_216,0
id_217,0
id_218,0
id_219,0
id_220,0
id_221,0
id_222,0
id_223,0
id_224,0
id_225,0
id_226,0
id_227,0
id_228,0
id_229,0
id_230,0
id_231,0
id_232,0
id_233,0
id_234,0
id_235,0
id_236,0
id_237,0
id_238,0
id_239,0
id_240,0
id_241,0
id_242,0
id_243,0
id_244,0
id_245,0
id_246,0
id_247,0
id_248,0
id_249,0
id_250,0
id_251,0
id_252,0
id_253,0
id_254,0
id_255,0
id_256,0
id_257,0
id_258,0
id_259,0
id_260,0
id_261,0
id_262,0
id_263,0
id_264,0
id_265,0
id_266,0
id_267,0
id_268,0
id_269,0
id_270,0
id_271,0
id_272,0
id_273,0
id_274,0
id_275,0
id_276,0
id_277,0
id_278,0
id_279,0
id_280,0
id_281,0
id_282,0
id_283,0
id_284,0
id_285,0
id_286,0
id_287,0
id_288,0
id_289,0
id_290,0
id_291,0
id_292,0
id_293,0
id_294,0
id_295,0
id_296,0
id_297,0
id_298,0
id_299,0
id_300,0
id_301,0
id_302,0
id_303,0
id_304,0
id_305,0
id_306,0
id_307,0
id_308,0
id_309,0
id_310,0
id_311,0
id_312,0
id_313,0
id_314,0
id_315,0
id_316,0
id_317,0
id_318,0
id_319,0
id_320,0
id_321,0
id_322,0
id_323,0
id_324,0
id_325,0
id_326,0
id_327,0
id_328,0
id_329,0
id_330,0
id_331,0
id_332,0
id_333,0
id_334,0
id_335,0
id_336,0
id_337,0
id_338,0
id_339,0
id_340,0
id_341,0
id_342,0
id_343,0
id_344,0
id_345,0
id_346,0
id_347,0
id_348,0
id_349,0
id_350,0
id_351,0
id_352,0
id_353,0
id_354,0
id_355,0
id_356,0
id_357,0
id_358,0
id_359,0
id_360,0
id_361,0
id_362,0
id_363,0
id_364,0
id_365,0
id_366,0
id_367,0
id_368,0
id_369,0
id_370,0
id_371,0
id_372,0
id_373,0
id_374,0
id_375,0
id_376,0
id_377,0
id_378,0
id_379,0
id_380,0
id_381,0
id_382,0
id_383,0
id_384,0
id_385,1
id_386,0
id_387,0
id_388,0
id_389,0
id_390,0
id_391,0
id_392,0
id_393,1
id_394,0
id_395,0
id_396,0
id_397,0
id_398,0
id_399,0
id_400,0
id_401,0
id_402,0
id_403,0
id_404,0
id_405,0
id_406,0
id_407,0
id_408,0
id_409,0
id_410,0
id_411,0
id_412,0
id_413,0
id_414,0
id_415,0
id_416,0
id_417,0
id_418,0
id_419,0
id_420,0
id_421,0
id_422,0
id_423,0
id_424,0
id_425,0
id_426,0
id_427,0
id_428,0
id_429,0
id_430,0
id_431,0
id_432,0
id_433,0
id_434,0
id_435,0
id_436,0
id_437,0
id_438,0
id_439,0
id_440,0
id_441,0
id_442,0
id_443,0
id_444,0
id_445,0
id_446,0
id_447,0
id_448,0
id_449,0
id_450,0
id_451,0
id_452,0
id_453,0
id_454,0
id_455,0
id_456,0
id_457,0
id_458,0
id_459,0
id_460,0
id_461,0
id_462,0
id_463,0
id_464,0
id_465,0
id_466,0
id_467,0
id_468,0
id_469,0
id_470,0
id_471,0
id_472,0
id_473,0
id_474,0
id_475,0
id_476,0
id_477,0
id_478,0
id_479,0
id_480,0
id_481,0
id_482,0
id_483,0
id_484,0
id_485,0
id_486,0
id_487,0
id_488,0
id_489,0
id_490,0
id_491,0
id_492,0
id_493,0
id_494,0
id_495,0
id_496,0
id_497,0
id_498,0
id_499,0
id_500,0
id_501,0
id_502,0
id_503,0
id_504,0
id_505,0
id_506,0
id_507,0
id_508,0
id_509,0
id_510,0
id_511,0
id_512,0
id_513,0
id_514,0
id_515,0
id_516,0
id_517,0
id_518,0
id_519,0
id_520,0
id_521,0
id_522,0
id_523,0
id_524,0
id_525,0
id_526,0
id_527,0
id_528,0
id_529,0
id_530,0
id_531,0
id_532,0
id_533,0
id_534,0
id_535,0
id_536,0
id_537,0
id_538,0
id_539,0
id_540,0
id_541,0
id_542,0
id_543,0
id_544,0
id_545,0
id_546,0
id_547,0
id_548,0
id_549,0
id_550,0
id_551,0
id_552,0
id_553,0
id_554,0
id_555,0
id_556,0
id_557,0
id_558,0
id_559,0
id_560,1
id_561,0
id_562,0
id_563,0
id_564,0
id_565,0
id_566,0
id_567,0
id_568,0
id_569,0
id_570,0
id_571,0
id_572,0
id_573,0
id_574,0
id_575,0
id_576,0
id_577,0
id_578,0
id_579,0
id_580,0
id_581,0
id_582,0
id_583,0
id_584,0
id_585,0
id_586,0
id_587,0
id_588,0
id_589,0
id_590,0
id_591,0
id_592,0
id_593,0
id_594,0
id_595,0
id_596,0
id_597,0
id_598,0
id_599,0
id_600,0
id_601,0
id_602,0
id_603,0
id_604,0
id_605,0
id_606,0
id_607,0
id_608,0
id_609,0
id_610,0
id_611,0
id_612,0
id_613,0
id_614,0
id_615,0
id_616,0
id_617,0
id_618,0
id_619,0
id_620,0
id_621,0
id_622,0
id_623,0
id_624,0
id_625,0
id_626,0
id_627,0
id_628,0
id_629,0
id_630,0
id_631,0
id_632,0
id_633,0
id_634,0
id_635,0
id_636,0
id_637,0
id_638,0
id_639,0
id_640,0
id_641,0
id_642,0
id_643,0
id_644,0
id_645,0
id_646,0
id_647,0
id_648,0
id_649,0
id_650,0
id_651,0
id_652,0
id_653,0
id_654,0
id_655,0
id_656,0
id_657,0
id_658,0
id_659,0
id_660,0
id_661,0
id_662,0
id_663,0
id_664,0
id_665,0
id_666,0
id_667,0
id_668,0
id_669,0
id_670,0
id_671,0
id_672,0
id_673,0
id_674,0
id_675,0
id_676,0
id_677,0
id_678,0
id_679,0
id_680,0
id_681,0
id_682,0
id_683,0
id_684,0
id_685,0
id_686,0
id_687,0
id_688,0
id_689,0
id_690,0
id_691,0
id_692,0
id_693,0
id_694,0
id_695,0
id_696,0
id_697,0
id_698,0
id_699,0
id_700,0
id_701,0
id_702,0
id_703,0
id_704,0
id_705,0
id_706,0
id_707,0
id_708,0
id_709,0
id_710,0
id_711,0
id_712,0
id_713,0
id_714,0
id_715,0
id_716,0
id_717,0
id_718,0
id_719,0
id_720,0
id_721,0
id_722,0
id_723,0
id_724,0
id_725,0
id_726,0
id_727,0
id_728,0
id_729,0
id_730,0
id_731,0
id_732,0
id_733,0
id_734,0
id_735,0
id_736,0
id_737,0
id_738,0
id_739,0
id_740,0
id_741,0
id_742,0
id_743,0
id_744,0
id_745,0
id_746,0
id_747,0
id_748,0
id_749,0
id_750,0
id_751,0
id_752,0
id_753,0
id_754,0
id_755,0
id_756,0
id_757,0
id_758,0
id_759,0
id_760,0
id_761,0
id_762,0
id_763,0
id_764,0
id_765,0
id_766,0
id_767,0
id_768,0
id_769,0
id_770,0
id_771,0
id_772,0
id_773,0
id_774,0
id_775,0
id_776,0
id_777,0
id_778,0
id_779,0
id_780,0
id_781,0
id_782,0
id_783,0
id_784,0
id_785,0
id_786,0
id_787,0
id_788,0
id_789,0
id_790,0
id_791,0
id_792,0
id_793,0
id_794,0
id_795,0
id_796,0
id_797,0
id_798,0
id_799,0
id_800,0
id_801,0
id_802,0
id_803,0
id_804,0
id_805,0
id_806,0
id_807,0
id_808,0
id_809,0
id_810,0
id_811,0
id_812,0
id_813,0
id_814,0
id_815,0
id_816,0
id_817,0
id_818,1
id_819,0
id_820,0
id_821,0
id_822,0
id_823,0
id_824,0
id_825,0
id_826,0
id_827,0
id_828,0
id_829,0
id_830,0
id_831,0
id_832,0
id_833,0
id_834,0
id_835,0
id_836,0
id_837,0
id_838,0
id_839,0
id_840,0
id_841,0
id_842,0
id_843,0
id_844,0
id_845,0
id_846,0
id_847,0
id_848,0
id_849,0
id_850,0
id_851,0
id_852,0
id_853,0
id_854,0
id_855,0
id_856,0
id_857,0
id_858,0
id_859,0
id_860,0
id_861,0
id_862,0
id_863,0
id_864,0
id_865,0
id_866,0
id_867,0
id_868,0
id_869,0
id_870,0
id_871,0
id_872,0
id_873,0
id_874,0
id_875,0
id_876,0
id_877,0
id_878,0
id_879,0
id_880,0
id_881,0
id_882,0
id_883,0
id_884,0
id_885,0
id_886,0
id_887,0
id_888,0
id_889,0
id_890,0
id_891,0
id_892,0
id_893,0
id_894,0
id_895,0
id_896,0
id_897,0
id_898,0
id_899,0
id_900,0
id_901,0
id_902,0
id_903,0
id_904,0
id_905,0
id_906,0
id_907,0
id_908,0
id_909,0
id_910,0
id_911,0
id_912,0
id_913,0
id_914,0
id_915,0
id_916,0
id_917,0
id_918,0
id_919,0
id_920,0
id_921,0
id_922,0
id_923,0
id_924,0
id_925,0
id_926,0
id_927,0
id_928,0
id_929,0
id_930,0
id_931,0
id_932,0
id_933,0
id_934,0
id_935,0
id_936,0
id_937,0
id_938,0
id_939,0
id_940,0
id_941,0
id_942,0
id_943,0
id_944,0
id_945,0
id_946,0
id_947,0
id_948,0
id_949,0
id_950,0
id_951,0
id_952,0
id_953,0
id_954,0
id_955,0
id_956,0
id_957,0
id_958,0
id_959,0
id_960,0
id_961,0
id_962,0
id_963,0
id_964,0
id_965,0
id_966,0
id_967,0
id_968,0
id_969,0
id_970,0
id_971,0
id_972,0
id_973,0
id_974,0
id_975,0
id_976,0
id_977,0
id_978,0
id_979,0
id_980,0
id_981,0
id_982,0
id_983,0
id_984,0
id_985,0
id_986,0
id_987,0
id_988,0
id_989,0
id_990,0
id_991,0
id_992,0
id_993,0
id_994,0
id_995,0
id_996,0
id_997,0
id_998,0
id_999,0
id_1000,0
id_1001,0
id_1002,0
id_1003,0
id_1004,0
id_1005,0
id_1006,0
id_1007,0
id_1008,0
id_1009,0
id_1010,0
id_1011,0
id_1012,0
id_1013,0
id_1014,0
id_1015,0
id_1016,0
id_1017,0
id_1018,0
id_1019,0
id_1020,0
id_1021,0
id_1022,0
id_1023,0
id_1024,0
id_1025,0
id_1026,0
id_1027,0
id_1028,0
id_1029,0
id_1030,0
id_1031,0
id_1032,0
id_1033,0
id_1034,0
id_1035,0
id_1036,0
id_1037,0
id_1038,0
id_1039,0
id_1040,0
id_1041,0
id_1042,0
id_1043,0
id_1044,0
id_1045,0
id_1046,0
id_1047,0
id_1048,0
id_1049,0
id_1050,0
id_1051,0
id_1052,0
id_1053,0
id_1054,0
id_1055,0
id_1056,0
id_1057,0
id_1058,0
id_1059,0
id_1060,0
id_1061,0
id_1062,0
id_1063,0
id_1064,0
id_1065,0
id_1066,0
id_1067,0
id_1068,0
id_1069,0
id_1070,0
id_1071,0
id_1072,0
id_1073,0
id_1074,0
id_1075,0
id_1076,0
id_1077,0
id_1078,0
id_1079,0
id_1080,0
id_1081,0
id_1082,0
id_1083,0
id_1084,0
id_1085,0
id_1086,0
id_1087,0
id_1088,0
id_1089,0
id_1090,0
id_1091,0
id_1092,0
id_1093,0
id_1094,0
id_1095,0
id_1096,0
id_1097,0
id_1098,0
id_1099,0
id_1100,0
id_1101,0
id_1102,0
id_1103,0
id_1104,0
id_1105,0
id_1106,0
id_1107,0
id_1108,0
id_1109,0
id_1110,0
id_1111,0
id_1112,0
id_1113,0
id_1114,0
id_1115,0
id_1116,0
id_1117,0
id_1118,0
id_1119,0
id_1120,0
id_1121,0
id_1122,0
id_1123,0
id_1124,0
id_1125,0
id_1126,0
id_1127,0
id_1128,0
id_1129,0
id_1130,0
id_1131,0
id_1132,0
id_1133,0
id_1134,0
id_1135,0
id_1136,0
id_1137,0
id_1138,0
id_1139,0
id_1140,0
id_1141,0
id_1142,0
id_1143,0
id_1144,0
id_1145,0
id_1146,0
id_1147,0
id_1148,0
id_1149,0
id_1150,0
id_1151,0
id_1152,0
id_1153,0
id_1154,0
id_1155,0
id_1156,0
id_1157,0
id_1158,0
id_1159,0
id_1160,0
id_1161,0
id_1162,0
id_1163,0
id_1164,0
id_1165,0
id_1166,0
id_1167,0
id_1168,0
id_1169,0
id_1170,0
id_1171,0
id_1172,0
id_1173,0
id_1174,0
id_1175,0
id_1176,0
id_1177,0
id_1178,0
id_1179,0
id_1180,0
id_1181,0
id_1182,0
id_1183,0
id_1184,0
id_1185,0
id_1186,0
id_1187,0
id_1188,0
id_1189,0
id_1190,0
id_1191,0
id_1192,0
id_1193,0
id_1194,0
id_1195,0
id_1196,0
id_1197,0
id_1198,0
id_1199,0
id_1200,0
id_1201,0
id_1202,0
id_1203,0
id_1204,0
id_1205,0
id_1206,0
id_1207,0
id_1208,0
id_1209,0
id_1210,0
id_1211,0
id_1212,0
id_1213,0
id_1214,0
id_1215,0
id_1216,0
id_1217,0
id_1218,0
id_1219,0
id_1220,0
id_1221,0
id_1222,0
id_1223,0
id_1224,0
id_1225,0
id_1226,0
id_1227,0
id_1228,0
id_1229,0
id_1230,0
id_1231,0
id_1232,0
id_1233,0
id_1234,0
id_1235,0
id_1236,0
id_1237,0
id_1238,0
id_1239,0
id_1240,0
id_1241,0
id_1242,0
id_1243,0
id_1244,0
id_1245,0
id_1246,0
id_1247,0
id_1248,0
id_1249,0
id_1250,0
id_1251,0
id_1252,0
id_1253,0
id_1254,0
id_1255,0
id_1256,0
id_1257,0
id_1258,0
id_1259,0
id_1260,0
id_1261,0
id_1262,0
id_1263,0
id_1264,0
id_1265,0
id_1266,0
id_1267,0
id_1268,0
id_1269,0
id_1270,0
id_1271,0
id_1272,0
id_1273,0
id_1274,0
id_1275,0
id_1276,0
id_1277,0
id_1278,0
id_1279,0
id_1280,0
id_1281,0
id_1282,0
id_1283,0
id_1284,0
id_1285,0
id_1286,0
id_1287,0
id_1288,0
id_1289,0
id_1290,0
id_1291,0
id_1292,0
id_1293,0
id_1294,0
id_1295,0
id_1296,0
id_1297,0
id_1298,0
id_1299,0
id_1300,0
id_1301,0
id_1302,0
id_1303,0
id_1304,0
id_1305,0
id_1306,0
id_1307,0
id_1308,0
id_1309,0
id_1310,0
id_1311,0
id_1312,0
id_1313,0
id_1314,0
id_1315,0
id_1316,0
id_1317,0
id_1318,0
id_1319,0
id_1320,0
id_1321,0
id_1322,0
id_1323,0
id_1324,0
id_1325,0
id_1326,0
id_1327,0
id_1328,0
id_1329,0
id_1330,0
id_1331,0
id_1332,0
id_1333,0
id_1334,0
id_1335,0
id_1336,0
id_1337,0
id_1338,0
id_1339,0
id_1340,0
id_1341,0
id_1342,0
id_1343,0
id_1344,0
id_1345,0
id_1346,0
id_1347,0
id_1348,0
id_1349,0
id_1350,0
id_1351,0
id_1352,0
id_1353,0
id_1354,0
id_1355,0
id_1356,0
id_1357,0
id_1358,0
id_1359,0
id_1360,0
id_1361,0
id_1362,0
id_1363,0
id_1364,0
id_1365,0
id_1366,0
id_1367,0
id_1368,0
id_1369,0
id_1370,0
id_1371,0
id_1372,0
id_1373,0
id_1374,0
id_1375,0
id_1376,0
id_1377,0
id_1378,0
id_1379,0
id_1380,0
id_1381,0
id_1382,0
id_1383,0
id_1384,0
id_1385,0
id_1386,0
id_1387,0
id_1388,0
id_1389,0
id_1390,0
id_1391,0
id_1392,0
id_1393,0
id_1394,0
id_1395,0
id_1396,0
id_1397,0
id_1398,0
id_1399,0
id_1400,0
id_1401,0
id_1402,0
id_1403,0
id_1404,0
id_1405,0
id_1406,0
id_1407,0
id_1408,0
id_1409,0
id_1410,0
id_1411,0
id_1412,0
id_1413,0
id_1414,0
id_1415,0
id_1416,0
id_1417,0
id_1418,0
id_1419,0
id_1420,0
id_1421,0
id_1422,0
id_1423,0
id_1424,0
id_1425,0
id_1426,0
id_1427,0
id_1428,0
id_1429,0
id_1430,0
id_1431,0
id_1432,0
id_1433,0
id_1434,0
id_1435,0
id_1436,0
id_1437,0
id_1438,0
id_1439,0
id_1440,0
id_1441,0
id_1442,0
id_1443,0
id_1444,0
id_1445,0
id_1446,0
id_1447,0
id_1448,0
id_1449,0
id_1450,0
id_1451,0
id_1452,0
id_1453,0
id_1454,0
id_1455,0
id_1456,0
id_1457,0
id_1458,0
id_1459,0
id_1460,0
id_1461,0
id_1462,0
id_1463,0
id_1464,0
id_1465,0
id_1466,0
id_1467,0
id_1468,0
id_1469,0
id_1470,0
id_1471,0
id_1472,0
id_1473,0
id_1474,0
id_1475,0
id_1476,0
id_1477,0
id_1478,0
id_1479,0
id_1480,0
id_1481,0
id_1482,0
id_1483,0
id_1484,0
id_1485,0
id_1486,0
id_1487,0
id_1488,0
id_1489,0
id_1490,0
id_1491,0
id_1492,0
id_1493,0
id_1494,0
id_1495,0
id_1496,0
id_1497,0
id_1498,0
id_1499,0
id_1500,0
id_1501,0
id_1502,0
id_1503,0
id_1504,0
id_1505,0
id_1506,0
id_1507,0
id_1508,0
id_1509,0
id_1510,0
id_1511,0
id_1512,0
id_1513,0
id_1514,0
id_1515,0
id_1516,0
id_1517,0
id_1518,0
id_1519,0
id_1520,0
id_1521,0
id_1522,0
id_1523,0
id_1524,0
id_1525,0
id_1526,0
id_1527,0
id_1528,0
id_1529,0
id_1530,0
id_1531,0
id_1532,0
id_1533,0
id_1534,0
id_1535,0
id_1536,0
id_1537,0
id_1538,0
id_1539,0
id_1540,0
id_1541,0
id_1542,0
id_1543,0
id_1544,0
id_1545,0
id_1546,0
id_1547,0
id_1548,0
id_1549,0
id_1550,0
id_1551,0
id_1552,0
id_1553,0
id_1554,0
id_1555,0
id_1556,0
id_1557,0
id_1558,0
id_1559,0
id_1560,0
id_1561,0
id_1562,0
id_1563,0
id_1564,0
id_1565,0
id_1566,0
id_1567,0
id_1568,0
id_1569,0
id_1570,0
id_1571,0
id_1572,0
id_1573,0
id_1574,0
id_1575,0
id_1576,0
id_1577,0
id_1578,0
id_1579,0
id_1580,0
id_1581,0
id_1582,0
id_1583,0
id_1584,0
id_1585,0
id_1586,0
id_1587,0
id_1588,0
id_1589,0
id_1590,0
id_1591,0
id_1592,0
id_1593,0
id_1594,0
id_1595,0
id_1596,0
id_1597,0
id_1598,0
id_1599,0
id_1600,0
id_1601,0
id_1602,0
id_1603,0
id_1604,0
id_1605,0
id_1606,0
id_1607,0
id_1608,0
id_1609,0
id_1610,0
id_1611,0
id_1612,0
id_1613,0
id_1614,0
id_1615,0
id_1616,0
id_1617,0
id_1618,0
id_1619,0
id_1620,0
id_1621,0
id_1622,0
id_1623,0
id_1624,0
id_1625,0
id_1626,0
id_1627,0
id_1628,0
id_1629,0
id_1630,0
id_1631,0
id_1632,0
id_1633,0
id_1634,0
id_1635,0
id_1636,0
id_1637,0
id_1638,0
id_1639,0
id_1640,0
id_1641,0
id_1642,0
id_1643,0
id_1644,0
id_1645,0
id_1646,0
id_1647,0
id_1648,0
id_1649,0
id_1650,0
id_1651,0
id_1652,0
id_1653,0
id_1654,0
id_1655,0
id_1656,0
id_1657,0
id_1658,0
id_1659,0
id_1660,0
id_1661,0
id_1662,0
id_1663,0
id_1664,0
id_1665,0
id_1666,0
id_1667,0
id_1668,0
id_1669,0
id_1670,0
id_1671,0
id_1672,0
id_1673,0
id_1674,0
id_1675,0
id_1676,0
id_1677,0
id_1678,0
id_1679,0
id_1680,0
id_1681,0
id_1682,0
id_1683,0
id_1684,0
id_1685,0
id_1686,0
id_1687,0
id_1688,0
id_1689,0
id_1690,0
id_1691,0
id_1692,0
id_1693,0
id_1694,0
id_1695,0
id_1696,0
id_1697,0
id_1698,0
id_1699,0
id_1700,0
id_1701,0
id_1702,0
id_1703,0
id_1704,0
id_1705,0
id_1706,0
id_1707,0
id_1708,0
id_1709,0
id_1710,0
id_1711,0
id_1712,0
id_1713,0
id_1714,0
id_1715,0
id_1716,0
id_1717,0
id_1718,0
id_1719,0
id_1720,0
id_1721,0
id_1722,0
id_1723,0
id_1724,0
id_1725,0
id_1726,0
id_1727,0
id_1728,0
id_1729,0
id_1730,0
id_1731,0
id_1732,0
id_1733,0
id_1734,0
id_1735,0
id_1736,0
id_1737,0
id_1738,0
id_1739,0
id_1740,0
id_1741,0
id_1742,0
id_1743,0
id_1744,0
id_1745,0
id_1746,0
id_1747,0
id_1748,0
id_1749,0
id_1750,0
id_1751,0
id_1752,0
id_1753,0
id_1754,0
id_1755,0
id_1756,0
id_1757,0
id_1758,0
id_1759,0
id_1760,0
id_1761,0
id_1762,0
id_1763,0
id_1764,0
id_1765,0
id_1766,0
id_1767,0
id_1768,0
id_1769,0
id_1770,0
id_1771,0
id_1772,0
id_1773,0
id_1774,0
id_1775,0
id_1776,0
id_1777,0
id_1778,0
id_1779,0
id_1780,0
id_1781,0
id_1782,0
id_1783,0
id_1784,0
id_1785,0
id_1786,0
id_1787,0
id_1788,0
id_1789,0
id_1790,0
id_1791,0
id_1792,0
id_1793,0
id_1794,0
id_1795,0
id_1796,0
id_1797,0
id_1798,0
id_1799,0
id_1800,0
id_1801,0
id_1802,0
id_1803,0
id_1804,0
id_1805,0
id_1806,0
id_1807,0
id_1808,0
id_1809,0
id_1810,0
id_1811,0
id_1812,0
id_1813,0
id_1814,0
id_1815,0
id_1816,0
id_1817,0
id_1818,0
id_1819,0
id_1820,0
id_1821,0
id_1822,0
id_1823,0
id_1824,0
id_1825,0
id_1826,0
id_1827,0
id_1828,0
id_1829,0
id_1830,0
id_1831,0
id_1832,0
id_1833,0
id_1834,0
id_1835,0
id_1836,0
id_1837,0
id_1838,0
id_1839,0
id_1840,0
id_1841,0
id_1842,0
id_1843,0
id_1844,0
id_1845,0
id_1846,0
id_1847,0
id_1848,0
id_1849,0
id_1850,0
id_1851,0
id_1852,0
id_1853,0
id_1854,0
id_1855,0
id_1856,0
id_1857,0
id_1858,0
id_1859,0
id_1860,0
id_1861,0
id_1862,0
id_1863,0
id_1864,0
id_1865,0
id_1866,0
id_1867,0
id_1868,0
id_1869,0
id_1870,0
id_1871,0
id_1872,0
id_1873,0
id_1874,0
id_1875,0
id_1876,0
id_1877,0
id_1878,0
id_1879,0
id_1880,0
id_1881,0
id_1882,0
id_1883,0
id_1884,0
id_1885,0
id_1886,0
id_1887,0
id_1888,0
id_1889,0
id_1890,0
id_1891,0
id_1892,0
id_1893,0
id_1894,0
id_1895,0
id_1896,0
id_1897,0
id_1898,0
id_1899,0
id_1900,0
id_1901,0
id_1902,0
id_1903,0
id_1904,0
id_1905,0
id_1906,0
id_1907,0
id_1908,0
id_1909,0
id_1910,0
id_1911,0
id_1912,0
id_1913,0
id_1914,0
id_1915,0
id_1916,0
id_1917,0
id_1918,0
id_1919,0
id_1920,0
id_1921,0
id_1922,0
id_1923,0
id_1924,0
id_1925,0
id_1926,0
id_1927,0
id_1928,0
id_1929,0
id_1930,0
id_1931,0
id_1932,0
id_1933,0
id_1934,0
id_1935,0
id_1936,0
id_1937,0
id_1938,0
id_1939,0
id_1940,0
id_1941,0
id_1942,0
id_1943,0
id_1944,0
id_1945,0
id_1946,0
id_1947,0
id_1948,0
id_1949,0
id_1950,0
id_1951,0
id_1952,1
id_1953,0
id_1954,0
id_1955,0
id_1956,0
id_1957,0
id_1958,0
id_1959,0
id_1960,0
id_1961,0
id_1962,0
id_1963,0
id_1964,0
id_1965,0
id_1966,0
id_1967,0
id_1968,0
id_1969,0
id_1970,0
id_1971,0
id_1972,0
id_1973,0
id_1974,0
id_1975,0
id_1976,0
id_1977,0
id_1978,0
id_1979,0
id_1980,0
id_1981,0
id_1982,0
id_1983,0
id_1984,0
id_1985,0
id_1986,0
id_1987,0
id_1988,0
id_1989,0
id_1990,0
id_1991,0
id_1992,0
id_1993,0
id_1994,0
id_1995,0
id_1996,0
id_1997,0
id_1998,0
id_1999,0
id_2000,0
id_2001,0
id_2002,0
id_2003,0
id_2004,0
id_2005,0
id_2006,0
id_2007,0
id_2008,0
id_2009,0
id_2010,0
id_2011,0
id_2012,0
id_2013,0
id_2014,0
id_2015,0
id_2016,0
id_2017,0
id_2018,0
id_2019,0
id_2020,0
id_2021,0
id_2022,0
id_2023,0
id_2024,0
id_2025,0
id_2026,0
id_2027,0
id_2028,0
id_2029,0
id_2030,0
id_2031,0
id_2032,0
id_2033,0
id_2034,0
id_2035,0
id_2036,0
id_2037,0
id_2038,0
id_2039,0
id_2040,0
id_2041,0
id_2042,0
id_2043,0
id_2044,0
id_2045,0
id_2046,0
id_2047,0
id_2048,0
id_2049,0
id_2050,0
id_2051,0
id_2052,0
id_2053,0
id_2054,0
id_2055,0
id_2056,0
id_2057,0
id_2058,0
id_2059,0
id_2060,0
id_2061,0
id_2062,0
id_2063,0
id_2064,0
id_2065,0
id_2066,0
id_2067,0
id_2068,0
id_2069,0
id_2070,0
id_2071,0
id_2072,0
id_2073,0
id_2074,0
id_2075,0
id_2076,0
id_2077,0
id_2078,0
id_2079,0
id_2080,0
id_2081,0
id_2082,0
id_2083,0
id_2084,0
id_2085,0
id_2086,0
id_2087,0
id_2088,0
id_2089,0
id_2090,0
id_2091,0
id_2092,0
id_2093,0
id_2094,0
id_2095,0
id_2096,0
id_2097,0
id_2098,0
id_2099,0
id_2100,0
id_2101,0
id_2102,0
id_2103,0
id_2104,0
id_2105,0
id_2106,0
id_2107,0
id_2108,0
id_2109,0
id_2110,0
id_2111,0
id_2112,0
id_2113,0
id_2114,0
id_2115,0
id_2116,0
id_2117,0
id_2118,0
id_2119,0
id_2120,0
id_2121,0
id_2122,0
id_2123,0
id_2124,0
id_2125,0
id_2126,0
id_2127,0
id_2128,0
id_2129,0
id_2130,0
id_2131,0
id_2132,0
id_2133,0
id_2134,0
id_2135,0
id_2136,0
id_2137,0
id_2138,0
id_2139,0
id_2140,0
id_2141,0
id_2142,0
id_2143,0
id_2144,0
id_2145,0
id_2146,0
id_2147,0
id_2148,0
id_2149,0
id_2150,0
id_2151,0
id_2152,0
id_2153,0
id_2154,0
id_2155,0
id_2156,0
id_2157,0
id_2158,0
id_2159,0
id_2160,0
id_2161,0
id_2162,0
id_2163,0
id_2164,0
id_2165,0
id_2166,0
id_2167,0
id_2168,0
id_2169,0
id_2170,0
id_2171,0
id_2172,0
id_2173,0
id_2174,0
id_2175,0
id_2176,0
id_2177,0
id_2178,0
id_2179,0
id_2180,0
id_2181,0
id_2182,0
id_2183,0
id_2184,0
id_2185,0
id_2186,0
id_2187,0
id_2188,0
id_2189,0
id_2190,0
id_2191,0
id_2192,0
id_2193,0
id_2194,0
id_2195,0
id_2196,0
id_2197,0
id_2198,0
id_2199,0
id_2200,0
id_2201,0
id_2202,0
id_2203,0
id_2204,0
id_2205,0
id_2206,0
id_2207,0
id_2208,0
id_2209,0
id_2210,0
id_2211,0
id_2212,0
id_2213,0
id_2214,0
id_2215,0
id_2216,0
id_2217,0
id_2218,0
id_2219,0
id_2220,0
id_2221,0
id_2222,0
id_2223,0
id_2224,0
id_2225,0
id_2226,0
id_2227,0
id_2228,0
id_2229,0
id_2230,0
id_2231,0
id_2232,0
id_2233,0
id_2234,0
id_2235,0
id_2236,0
id_2237,0
id_2238,0
id_2239,0
id_2240,0
id_2241,0
id_2242,0
id_2243,0
id_2244,0
id_2245,0
id_2246,0
id_2247,0
id_2248,0
id_2249,0
id_2250,0
id_2251,0
id_2252,0
id_2253,0
id_2254,0
id_2255,0
id_2256,0
id_2257,0
id_2258,0
id_2259,0
id_2260,0
id_2261,0
id_2262,0
id_2263,0
id_2264,0
id_2265,0
id_2266,0
id_2267,0
id_2268,0
id_2269,0
id_2270,0
id_2271,0
id_2272,0
id_2273,0
id_2274,0
id_2275,0
id_2276,0
id_2277,0
id_2278,0
id_2279,0
id_2280,0
id_2281,0
id_2282,0
id_2283,0
id_2284,0
id_2285,0
id_2286,0
id_2287,0
id_2288,0
id_2289,0
id_2290,0
id_2291,0
id_2292,0
id_2293,0
id_2294,0
id_2295,0
id_2296,0
id_2297,0
id_2298,0
id_2299,0
id_2300,0
id_2301,0
id_2302,0
id_2303,0
id_2304,0
id_2305,0
id_2306,0
id_2307,0
id_2308,0
id_2309,0
id_2310,0
id_2311,0
id_2312,0
id_2313,0
id_2314,0
id_2315,0
id_2316,0
id_2317,0
id_2318,0
id_2319,0
id_2320,0
id_2321,0
id_2322,0
id_2323,0
id_2324,1
id_2325,0
id_2326,0
id_2327,0
id_2328,0
id_2329,0
id_2330,0
id_2331,0
id_2332,0
id_2333,0
id_2334,0
id_2335,0
id_2336,0
id_2337,0
id_2338,0
id_2339,0
id_2340,0
id_2341,0
id_2342,0
id_2343,0
id_2344,0
id_2345,0
id_2346,0
id_2347,0
id_2348,0
id_2349,0
id_2350,0
id_2351,0
id_2352,0
id_2353,0
id_2354,0
id_2355,0
id_2356,0
id_2357,0
id_2358,0
id_2359,0
id_2360,0
id_2361,0
id_2362,0
id_2363,0
id_2364,0
id_2365,0
id_2366,0
id_2367,0
id_2368,0
id_2369,0
id_2370,0
id_2371,0
id_2372,0
id_2373,0
id_2374,0
id_2375,0
id_2376,0
id_2377,0
id_2378,0
id_2379,0
id_2380,0
id_2381,0
id_2382,0
id_2383,0
id_2384,0
id_2385,0
id_2386,0
id_2387,0
id_2388,0
id_2389,0
id_2390,0
id_2391,0
id_2392,0
id_2393,0
id_2394,0
id_2395,0
id_2396,0
id_2397,0
id_2398,0
id_2399,0
id_2400,0
id_2401,0
id_2402,0
id_2403,0
id_2404,0
id_2405,0
id_2406,0
id_2407,0
id_2408,0
id_2409,0
id_2410,0
id_2411,0
id_2412,0
id_2413,0
id_2414,0
id_2415,0
id_2416,0
id_2417,0
id_2418,0
id_2419,0
id_2420,0
id_2421,0
id_2422,0
id_2423,0
id_2424,0
id_2425,0
id_2426,0
id_2427,0
id_2428,0
id_2429,0
id_2430,0
id_2431,0
id_2432,0
id_2433,0
id_2434,0
id_2435,0
id_2436,0
id_2437,0
id_2438,0
id_2439,0
id_2440,0
id_2441,0
id_2442,0
id_2443,0
id_2444,0
id_2445,0
id_2446,0
id_2447,0
id_2448,0
id_2449,0
id_2450,0
id_2451,0
id_2452,0
id_2453,0
id_2454,0
id_2455,0
id_2456,0
id_2457,0
id_2458,0
id_2459,0
id_2460,0
id_2461,0
id_2462,0
id_2463,0
id_2464,0
id_2465,0
id_2466,0
id_2467,0
id_2468,0
id_2469,0
id_2470,0
id_2471,0
id_2472,0
id_2473,0
id_2474,0
id_2475,0
id_2476,0
id_2477,0
id_2478,0
id_2479,0
id_2480,0
id_2481,0
id_2482,0
id_2483,0
id_2484,0
id_2485,0
id_2486,0
id_2487,0
id_2488,0
id_2489,0
id_2490,0
id_2491,0
id_2492,0
id_2493,0
id_2494,0
id_2495,0
id_2496,0
id_2497,0
id_2498,0
id_2499,0
id_2500,0
id_2501,0
id_2502,0
id_2503,0
id_2504,0
id_2505,0
id_2506,0
id_2507,0
id_2508,0
id_2509,0
id_2510,0
id_2511,0
id_2512,0
id_2513,0
id_2514,0
id_2515,0
id_2516,0
id_2517,0
id_2518,0
id_2519,0
id_2520,0
id_2521,0
id_2522,0
id_2523,0
id_2524,0
id_2525,0
id_2526,0
id_2527,0
id_2528,0
id_2529,0
id_2530,0
id_2531,0
id_2532,0
id_2533,0
id_2534,0
id_2535,0
id_2536,0
id_2537,0
id_2538,0
id_2539,0
id_2540,0
id_2541,0
id_2542,0
id_2543,0
id_2544,0
id_2545,0
id_2546,0
id_2547,0
id_2548,0
id_2549,0
id_2550,0
id_2551,0
id_2552,0
id_2553,0
id_2554,0
id_2555,0
id_2556,0
id_2557,0
id_2558,0
id_2559,0
id_2560,0
id_2561,0
id_2562,0
id_2563,0
id_2564,0
id_2565,0
id_2566,0
id_2567,0
id_2568,0
id_2569,0
id_2570,0
id_2571,0
id_2572,0
id_2573,0
id_2574,0
id_2575,0
id_2576,0
id_2577,0
id_2578,0
id_2579,0
id_2580,0
id_2581,0
id_2582,0
id_2583,0
id_2584,0
id_2585,0
id_2586,0
id_2587,0
id_2588,0
id_2589,0
id_2590,0
id_2591,0
id_2592,0
id_2593,0
id_2594,0
id_2595,0
id_2596,0
id_2597,0
id_2598,0
id_2599,0
id_2600,0
id_2601,0
id_2602,0
id_2603,0
id_2604,0
id_2605,0
id_2606,0
id_2607,0
id_2608,0
id_2609,0
id_2610,0
id_2611,0
id_2612,0
id_2613,0
id_2614,0
id_2615,0
id_2616,0
id_2617,0
id_2618,0
id_2619,0
id_2620,0
id_2621,0
id_2622,0
id_2623,0
id_2624,0
id_2625,0
id_2626,0
id_2627,0
id_2628,0
id_2629,0
id_2630,0
id_2631,0
id_2632,0
id_2633,0
id_2634,0
id_2635,0
id_2636,0
id_2637,0
id_2638,0
id_2639,0
id_2640,0
id_2641,0
id_2642,0
id_2643,0
id_2644,0
id_2645,0
id_2646,0
id_2647,0
id_2648,0
id_2649,0
id_2650,0
id_2651,0
id_2652,0
id_2653,0
id_2654,0
id_2655,0
id_2656,0
id_2657,0
id_2658,0
id_2659,0
id_2660,0
id_2661,0
id_2662,0
id_2663,0
id_2664,0
id_2665,0
id_2666,0
id_2667,0
id_2668,0
id_2669,0
id_2670,0
id_2671,0
id_2672,0
id_2673,0
id_2674,0
id_2675,0
id_2676,0
id_2677,0
id_2678,0
id_2679,0
id_2680,0
id_2681,0
id_2682,0
id_2683,0
id_2684,0
id_2685,0
id_2686,0
id_2687,0
id_2688,0
id_2689,0
id_2690,0
id_2691,0
id_2692,0
id_2693,0
id_2694,0
id_2695,0
id_2696,0
id_2697,0
id_2698,0
id_2699,0
id_2700,0
id_2701,0
id_2702,0
id_2703,0
id_2704,0
id_2705,0
id_2706,0
id_2707,0
id_2708,0
id_2709,0
id_2710,0
id_2711,0
id_2712,0
id_2713,0
id_2714,0
id_2715,0
id_2716,0
id_2717,0
id_2718,0
id_2719,0
id_2720,0
id_2721,0
id_2722,0
id_2723,0
id_2724,0
id_2725,0
id_2726,0
id_2727,0
id_2728,0
id_2729,0
id_2730,0
id_2731,0
id_2732,0
id_2733,0
id_2734,0
id_2735,0
id_2736,0
id_2737,0
id_2738,0
id_2739,0
id_2740,0
id_2741,0
id_2742,0
id_2743,0
id_2744,0
id_2745,0
id_2746,0
id_2747,0
id_2748,0
id_2749,0
id_2750,1
id_2751,0
id_2752,0
id_2753,0
id_2754,0
id_2755,0
id_2756,0
id_2757,0
id_2758,0
id_2759,0
id_2760,0
id_2761,0
id_2762,0
id_2763,0
id_2764,0
id_2765,0
id_2766,0
id_2767,0
id_2768,0
id_2769,0
id_2770,0
id_2771,0
id_2772,0
id_2773,0
id_2774,0
id_2775,0
id_2776,0
id_2777,0
id_2778,0
id_2779,0
id_2780,0
id_2781,0
id_2782,0
id_2783,0
id_2784,0
id_2785,0
id_2786,0
id_2787,0
id_2788,0
id_2789,0
id_2790,0
id_2791,0
id_2792,0
id_2793,0
id_2794,0
id_2795,0
id_2796,0
id_2797,0
id_2798,0
id_2799,0
id_2800,0
id_2801,0
id_2802,0
id_2803,0
id_2804,0
id_2805,0
id_2806,0
id_2807,0
id_2808,0
id_2809,0
id_2810,0
id_2811,0
id_2812,0
id_2813,0
id_2814,0
id_2815,0
id_2816,0
id_2817,0
id_2818,0
id_2819,0
id_2820,0
id_2821,0
id_2822,0
id_2823,0
id_2824,0
id_2825,0
id_2826,0
id_2827,0
id_2828,0
id_2829,0
id_2830,0
id_2831,0
id_2832,0
id_2833,0
id_2834,0
id_2835,0
id_2836,0
id_2837,0
id_2838,0
id_2839,0
id_2840,0
id_2841,0
id_2842,0
id_2843,0
id_2844,0
id_2845,0
id_2846,0
id_2847,0
id_2848,0
id_2849,0
id_2850,0
id_2851,0
id_2852,0
id_2853,0
id_2854,0
id_2855,0
id_2856,0
id_2857,0
id_2858,0
id_2859,0
id_2860,0
id_2861,0
id_2862,0
id_2863,0
id_2864,0
id_2865,0
id_2866,0
id_2867,0
id_2868,0
id_2869,0
id_2870,0
id_2871,0
id_2872,0
id_2873,0
id_2874,1
id_2875,0
id_2876,0
id_2877,0
id_2878,0
id_2879,0
id_2880,0
id_2881,0
id_2882,0
id_2883,0
id_2884,0
id_2885,0
id_2886,0
id_2887,0
id_2888,0
id_2889,0
id_2890,0
id_2891,0
id_2892,0
id_2893,0
id_2894,0
id_2895,0
id_2896,0
id_2897,0
id_2898,0
id_2899,0
id_2900,0
id_2901,0
id_2902,0
id_2903,0
id_2904,0
id_2905,0
id_2906,0
id_2907,0
id_2908,0
id_2909,0
id_2910,0
id_2911,0
id_2912,0
id_2913,0
id_2914,0
id_2915,0
id_2916,0
id_2917,0
id_2918,0
id_2919,0
id_2920,0
id_2921,0
id_2922,0
id_2923,0
id_2924,0
id_2925,0
id_2926,0
id_2927,0
id_2928,0
id_2929,0
id_2930,0
id_2931,0
id_2932,0
id_2933,0
id_2934,0
id_2935,0
id_2936,0
id_2937,0
id_2938,0
id_2939,0
id_2940,0
id_2941,0
id_2942,0
id_2943,0
id_2944,0
id_2945,0
id_2946,0
id_2947,0
id_2948,0
id_2949,0
id_2950,0
id_2951,0
id_2952,0
id_2953,0
id_2954,0
id_2955,0
id_2956,0
id_2957,0
id_2958,0
id_2959,0
id_2960,0
id_2961,0
id_2962,0
id_2963,0
id_2964,0
id_2965,0
id_2966,0
id_2967,0
id_2968,0
id_2969,0
id_2970,0
id_2971,0
id_2972,0
id_2973,0
id_2974,0
id_2975,0
id_2976,0
id_2977,0
id_2978,0
id_2979,0
id_2980,0
id_2981,0
id_2982,0
id_2983,0
id_2984,0
id_2985,0
id_2986,0
id_2987,0
id_2988,0
id_2989,0
id_2990,0
id_2991,0
id_2992,0
id_2993,0
id_2994,0
id_2995,0
id_2996,0
id_2997,0
id_2998,0
id_2999,0
id_3000,0
id_3001,0
id_3002,0
id_3003,0
id_3004,0
id_3005,0
id_3006,0
id_3007,0
id_3008,0
id_3009,0
id_3010,0
id_3011,0
id_3012,0
id_3013,0
id_3014,0
id_3015,0
id_3016,0
id_3017,0
id_3018,0
id_3019,0
id_3020,0
id_3021,0
id_3022,0
id_3023,0
id_3024,0
id_3025,0
id_3026,0
id_3027,0
id_3028,0
id_3029,0
id_3030,0
id_3031,0
id_3032,0
id_3033,0
id_3034,0
id_3035,0
id_3036,0
id_3037,0
id_3038,0
id_3039,0
id_3040,0
id_3041,0
id_3042,0
id_3043,0
id_3044,0
id_3045,0
id_3046,0
id_3047,0
id_3048,0
id_3049,0
id_3050,0
id_3051,0
id_3052,0
id_3053,0
id_3054,0
id_3055,0
id_3056,0
id_3057,0
id_3058,0
id_3059,0
id_3060,0
id_3061,0
id_3062,0
id_3063,0
id_3064,0
id_3065,0
id_3066,0
id_3067,0
id_3068,0
id_3069,0
id_3070,0
id_3071,0
id_3072,0
id_3073,0
id_3074,0
id_3075,0
id_3076,0
id_3077,0
id_3078,0
id_3079,0
id_3080,0
id_3081,0
id_3082,0
id_3083,0
id_3084,0
id_3085,0
id_3086,0
id_3087,0
id_3088,0
id_3089,0
id_3090,0
id_3091,0
id_3092,0
id_3093,0
id_3094,0
id_3095,0
id_3096,0
id_3097,0
id_3098,0
id_3099,0
id_3100,0
id_3101,0
id_3102,0
id_3103,0
id_3104,0
id_3105,0
id_3106,0
id_3107,0
id_3108,0
id_3109,0
id_3110,0
id_3111,0
id_3112,0
id_3113,0
id_3114,0
id_3115,0
id_3116,0
id_3117,0
id_3118,0
id_3119,0
id_3120,0
id_3121,0
id_3122,0
id_3123,0
id_3124,0
id_3125,0
id_3126,0
id_3127,0
id_3128,0
id_3129,0
id_3130,0
id_3131,0
id_3132,0
id_3133,0
id_3134,0
id_3135,0
id_3136,0
id_3137,0
id_3138,0
id_3139,0
id_3140,0
id_3141,0
id_3142,0
id_3143,0
id_3144,0
id_3145,0
id_3146,0
id_3147,0
id_3148,0
id_3149,0
id_3150,0
id_3151,0
id_3152,0
id_3153,0
id_3154,0
id_3155,0
id_3156,0
id_3157,0
id_3158,0
id_3159,0
id_3160,0
id_3161,0
id_3162,0
id_3163,0
id_3164,0
id_3165,0
id_3166,0
id_3167,0
id_3168,0
id_3169,0
id_3170,0
id_3171,0
id_3172,0
id_3173,0
id_3174,0
id_3175,0
id_3176,0
id_3177,0
id_3178,0
id_3179,0
id_3180,0
id_3181,0
id_3182,0
id_3183,0
id_3184,0
id_3185,0
id_3186,0
id_3187,0
id_3188,0
id_3189,0
id_3190,0
id_3191,0
id_3192,0
id_3193,0
id_3194,0
id_3195,0
id_3196,0
id_3197,0
id_3198,0
id_3199,0
id_3200,0
id_3201,0
id_3202,0
id_3203,0
id_3204,0
id_3205,0
id_3206,0
id_3207,0
id_3208,0
id_3209,0
id_3210,0
id_3211,0
id_3212,0
id_3213,0
id_3214,0
id_3215,0
id_3216,0
id_3217,0
id_3218,0
id_3219,0
id_3220,0
id_3221,0
id_3222,0
id_3223,0
id_3224,0
id_3225,0
id_3226,0
id_3227,0
id_3228,0
id_3229,0
id_3230,0
id_3231,0
id_3232,0
id_3233,0
id_3234,0
id_3235,0
id_3236,0
id_3237,0
id_3238,0
id_3239,0
id_3240,0
id_3241,0
id_3242,0
id_3243,0
id_3244,0
id_3245,0
id_3246,0
id_3247,0
id_3248,0
id_3249,0
id_3250,0
id_3251,0
id_3252,0
id_3253,0
id_3254,0
id_3255,0
id_3256,0
id_3257,0
id_3258,0
id_3259,0
id_3260,0
id_3261,0
id_3262,0
id_3263,0
id_3264,0
id_3265,0
id_3266,0
id_3267,0
id_3268,0
id_3269,0
id_3270,0
id_3271,0
id_3272,0
id_3273,0
id_3274,0
id_3275,0
id_3276,0
id_3277,0
id_3278,0
id_3279,0
id_3280,0
id_3281,0
id_3282,0
id_3283,0
id_3284,0
id_3285,0
id_3286,0
id_3287,0
id_3288,0
id_3289,0
id_3290,0
id_3291,0
id_3292,0
id_3293,0
id_3294,0
id_3295,0
id_3296,0
id_3297,0
id_3298,0
id_3299,0
id_3300,0
id_3301,0
id_3302,0
id_3303,0
id_3304,1
id_3305,0
id_3306,0
id_3307,0
id_3308,0
id_3309,0
id_3310,0
id_3311,0
id_3312,0
id_3313,0
id_3314,0
id_3315,0
id_3316,0
id_3317,0
id_3318,0
id_3319,0
id_3320,0
id_3321,0
id_3322,0
id_3323,0
id_3324,0
id_3325,0
id_3326,0
id_3327,0
id_3328,0
id_3329,0
id_3330,0
id_3331,1
id_3332,0
id_3333,0
id_3334,0
id_3335,0
id_3336,0
id_3337,0
id_3338,0
id_3339,0
id_3340,0
id_3341,0
id_3342,0
id_3343,0
id_3344,0
id_3345,0
id_3346,0
id_3347,0
id_3348,0
id_3349,0
id_3350,0
id_3351,0
id_3352,0
id_3353,0
id_3354,0
id_3355,0
id_3356,0
id_3357,0
id_3358,0
id_3359,0
id_3360,0
id_3361,0
id_3362,0
id_3363,0
id_3364,0
id_3365,0
id_3366,0
id_3367,0
id_3368,0
id_3369,0
id_3370,0
id_3371,0
id_3372,0
id_3373,0
id_3374,0
id_3375,0
id_3376,0
id_3377,0
id_3378,0
id_3379,0
id_3380,0
id_3381,0
id_3382,0
id_3383,0
id_3384,0
id_3385,0
id_3386,0
id_3387,0
id_3388,0
id_3389,0
id_3390,0
id_3391,0
id_3392,0
id_3393,0
id_3394,0
id_3395,0
id_3396,0
id_3397,0
id_3398,0
id_3399,0
id_3400,0
id_3401,0
id_3402,0
id_3403,0
id_3404,0
id_3405,0
id_3406,0
id_3407,0
id_3408,0
id_3409,0
id_3410,0
id_3411,0
id_3412,0
id_3413,0
id_3414,0
id_3415,0
id_3416,0
id_3417,0
id_3418,0
id_3419,0
id_3420,0
id_3421,0
id_3422,0
id_3423,0
id_3424,0
id_3425,0
id_3426,0
id_3427,0
id_3428,0
id_3429,0
id_3430,0
id_3431,0
id_3432,0
id_3433,0
id_3434,0
id_3435,0
id_3436,0
id_3437,0
id_3438,0
id_3439,0
id_3440,0
id_3441,0
id_3442,0
id_3443,0
id_3444,0
id_3445,0
id_3446,0
id_3447,0
id_3448,0
id_3449,0
id_3450,0
id_3451,0
id_3452,0
id_3453,0
id_3454,0
id_3455,0
id_3456,0
id_3457,0
id_3458,0
id_3459,0
id_3460,0
id_3461,0
id_3462,0
id_3463,0
id_3464,0
id_3465,0
id_3466,0
id_3467,0
id_3468,0
id_3469,0
id_3470,0
id_3471,0
id_3472,0
id_3473,0
id_3474,0
id_3475,0
id_3476,0
id_3477,0
id_3478,0
id_3479,0
id_3480,0
id_3481,0
id_3482,0
id_3483,0
id_3484,0
id_3485,0
id_3486,0
id_3487,0
id_3488,0
id_3489,0
id_3490,0
id_3491,0
id_3492,0
id_3493,0
id_3494,0
id_3495,0
id_3496,0
id_3497,0
id_3498,0
id_3499,0
id_3500,0
id_3501,0
id_3502,0
id_3503,0
id_3504,0
id_3505,0
id_3506,0
id_3507,0
id_3508,0
id_3509,0
id_3510,0
id_3511,0
id_3512,0
id_3513,0
id_3514,0
id_3515,0
id_3516,0
id_3517,0
id_3518,0
id_3519,0
id_3520,0
id_3521,0
id_3522,0
id_3523,0
id_3524,0
id_3525,0
id_3526,0
id_3527,0
id_3528,0
id_3529,0
id_3530,0
id_3531,0
id_3532,0
id_3533,0
id_3534,0
id_3535,0
id_3536,0
id_3537,0
id_3538,0
id_3539,0
id_3540,0
id_3541,0
id_3542,0
id_3543,0
id_3544,0
id_3545,0
id_3546,0
id_3547,0
id_3548,0
id_3549,0
id_3550,0
id_3551,0
id_3552,0
id_3553,0
id_3554,0
id_3555,0
id_3556,0
id_3557,0
id_3558,0
id_3559,0
id_3560,0
id_3561,0
id_3562,0
id_3563,0
id_3564,0
id_3565,0
id_3566,0
id_3567,0
id_3568,0
id_3569,0
id_3570,0
id_3571,0
id_3572,0
id_3573,0
id_3574,0
id_3575,0
id_3576,0
id_3577,0
id_3578,0
id_3579,0
id_3580,0
id_3581,0
id_3582,0
id_3583,0
id_3584,0
id_3585,0
id_3586,0
id_3587,0
id_3588,0
id_3589,0
id_3590,0
id_3591,0
id_3592,0
id_3593,0
id_3594,0
id_3595,0
id_3596,0
id_3597,0
id_3598,0
id_3599,0
id_3600,0
id_3601,0
id_3602,0
id_3603,0
id_3604,0
id_3605,0
id_3606,0
id_3607,0
id_3608,0
id_3609,0
id_3610,0
id_3611,0
id_3612,0
id_3613,0
id_3614,0
id_3615,0
id_3616,0
id_3617,0
id_3618,0
id_3619,0
id_3620,0
id_3621,0
id_3622,0
id_3623,0
id_3624,0
id_3625,0
id_3626,0
id_3627,0
id_3628,0
id_3629,0
id_3630,0
id_3631,0
id_3632,0
id_3633,0
id_3634,0
id_3635,0
id_3636,0
id_3637,0
id_3638,0
id_3639,0
id_3640,0
id_3641,0
id_3642,0
id_3643,0
id_3644,0
id_3645,0
id_3646,0
id_3647,0
id_3648,0
id_3649,0
id_3650,0
id_3651,0
id_3652,0
id_3653,0
id_3654,0
id_3655,0
id_3656,0
id_3657,0
id_3658,0
id_3659,0
id_3660,0
id_3661,0
id_3662,0
id_3663,0
id_3664,0
id_3665,0
id_3666,0
id_3667,0
id_3668,0
id_3669,0
id_3670,0
id_3671,0
id_3672,0
id_3673,0
id_3674,0
id_3675,0
id_3676,0
id_3677,0
id_3678,0
id_3679,0
id_3680,0
id_3681,0
id_3682,0
id_3683,0
id_3684,0
id_3685,0
id_3686,0
id_3687,0
id_3688,0
id_3689,0
id_3690,0
id_3691,0
id_3692,0
id_3693,0
id_3694,0
id_3695,0
id_3696,0
id_3697,0
id_3698,0
id_3699,0
id_3700,0
id_3701,0
id_3702,0
id_3703,0
id_3704,0
id_3705,0
id_3706,0
id_3707,0
id_3708,0
id_3709,0
id_3710,0
id_3711,0
id_3712,0
id_3713,0
id_3714,0
id_3715,0
id_3716,0
id_3717,0
id_3718,0
id_3719,0
id_3720,0
id_3721,0
id_3722,0
id_3723,0
id_3724,0
id_3725,0
id_3726,0
id_3727,0
id_3728,0
id_3729,0
id_3730,0
id_3731,0
id_3732,0
id_3733,0
id_3734,0
id_3735,0
id_3736,0
id_3737,0
id_3738,0
id_3739,0
id_3740,0
id_3741,0
id_3742,0
id_3743,0
id_3744,0
id_3745,0
id_3746,0
id_3747,0
id_3748,0
id_3749,0
id_3750,0
id_3751,0
id_3752,0
id_3753,0
id_3754,0
id_3755,0
id_3756,0
id_3757,0
id_3758,0
id_3759,0
id_3760,0
id_3761,0
id_3762,0
id_3763,0
id_3764,0
id_3765,0
id_3766,0
id_3767,0
id_3768,0
id_3769,0
id_3770,0
id_3771,0
id_3772,0
id_3773,0
id_3774,0
id_3775,0
id_3776,0
id_3777,0
id_3778,0
id_3779,0
id_3780,0
id_3781,0
id_3782,0
id_3783,0
id_3784,0
id_3785,0
id_3786,0
id_3787,0
id_3788,0
id_3789,0
id_3790,0
id_3791,0
id_3792,0
id_3793,0
id_3794,0
id_3795,0
id_3796,0
id_3797,0
id_3798,0
id_3799,0
id_3800,0
id_3801,0
id_3802,0
id_3803,0
id_3804,0
id_3805,0
id_3806,0
id_3807,0
id_3808,0
id_3809,0
id_3810,0
id_3811,0
id_3812,0
id_3813,0
id_3814,0
id_3815,0
id_3816,0
id_3817,0
id_3818,0
id_3819,0
id_3820,0
id_3821,0
id_3822,0
id_3823,0
id_3824,0
id_3825,0
id_3826,0
id_3827,0
id_3828,0
id_3829,0
id_3830,0
id_3831,0
id_3832,0
id_3833,0
id_3834,0
id_3835,0
id_3836,0
id_3837,0
id_3838,0
id_3839,0
id_3840,0
id_3841,0
id_3842,0
id_3843,0
id_3844,0
id_3845,0
id_3846,0
id_3847,0
id_3848,0
id_3849,0
id_3850,0
id_3851,0
id_3852,0
id_3853,0
id_3854,0
id_3855,0
id_3856,0
id_3857,0
id_3858,0
id_3859,0
id_3860,0
id_3861,0
id_3862,0
id_3863,0
id_3864,0
id_3865,0
id_3866,0
id_3867,0
id_3868,0
id_3869,0
id_3870,0
id_3871,0
id_3872,0
id_3873,0
id_3874,0
id_3875,0
id_3876,0
id_3877,0
id_3878,0
id_3879,0
id_3880,0
id_3881,0
id_3882,0
id_3883,0
id_3884,0
id_3885,0
id_3886,0
id_3887,0
id_3888,0
id_3889,0
id_3890,0
id_3891,0
id_3892,0
id_3893,0
id_3894,0
id_3895,0
id_3896,0
id_3897,0
id_3898,0
id_3899,0
id_3900,0
id_3901,0
id_3902,0
id_3903,0
id_3904,0
id_3905,0
id_3906,0
id_3907,0
id_3908,0
id_3909,0
id_3910,0
id_3911,0
id_3912,0
id_3913,0
id_3914,0
id_3915,0
id_3916,0
id_3917,0
id_3918,0
id_3919,0
id_3920,0
id_3921,0
id_3922,0
id_3923,0
id_3924,0
id_3925,0
id_3926,0
id_3927,0
id_3928,0
id_3929,0
id_3930,0
id_3931,0
id_3932,0
id_3933,0
id_3934,0
id_3935,0
id_3936,0
id_3937,0
id_3938,0
id_3939,0
id_3940,0
id_3941,0
id_3942,0
id_3943,0
id_3944,0
id_3945,0
id_3946,0
id_3947,0
id_3948,0
id_3949,0
id_3950,0
id_3951,0
id_3952,0
id_3953,0
id_3954,0
id_3955,0
id_3956,0
id_3957,0
id_3958,0
id_3959,0
id_3960,0
id_3961,0
id_3962,0
id_3963,0
id_3964,0
id_3965,0
id_3966,0
id_3967,0
id_3968,0
id_3969,0
id_3970,0
id_3971,0
id_3972,0
id_3973,0
id_3974,0
id_3975,0
id_3976,0
id_3977,0
id_3978,0
id_3979,0
id_3980,0
id_3981,0
id_3982,0
id_3983,0
id_3984,0
id_3985,0
id_3986,0
id_3987,0
id_3988,0
id_3989,0
id_3990,0
id_3991,0
id_3992,0
id_3993,0
id_3994,0
id_3995,0
id_3996,0
id_3997,0
id_3998,0
id_3999,0
id_4000,0
id_4001,0
id_4002,0
id_4003,0
id_4004,0
id_4005,0
id_4006,0
id_4007,0
id_4008,0
id_4009,0
id_4010,0
id_4011,0
id_4012,0
id_4013,0
id_4014,0
id_4015,0
id_4016,0
id_4017,0
id_4018,0
id_4019,0
id_4020,0
id_4021,0
id_4022,0
id_4023,0
id_4024,0
id_4025,0
id_4026,0
id_4027,0
id_4028,0
id_4029,0
id_4030,0
id_4031,0
id_4032,0
id_4033,0
id_4034,0
id_4035,0
id_4036,0
id_4037,0
id_4038,0
id_4039,0
id_4040,0
id_4041,0
id_4042,0
id_4043,0
id_4044,0
id_4045,0
id_4046,0
id_4047,0
id_4048,0
id_4049,0
id_4050,0
id_4051,0
id_4052,0
id_4053,0
id_4054,0
id_4055,0
id_4056,0
id_4057,0
id_4058,0
id_4059,0
id_4060,0
id_4061,0
id_4062,0
id_4063,0
id_4064,0
id_4065,0
id_4066,0
id_4067,0
id_4068,0
id_4069,0
id_4070,0
id_4071,0
id_4072,0
id_4073,0
id_4074,0
id_4075,0
id_4076,0
id_4077,0
id_4078,0
id_4079,0
id_4080,0
id_4081,0
id_4082,0
id_4083,0
id_4084,0
id_4085,0
id_4086,0
id_4087,0
id_4088,0
id_4089,0
id_4090,0
id_4091,0
id_4092,0
id_4093,0
id_4094,0
id_4095,0
id_4096,0
id_4097,0
id_4098,0
id_4099,0
id_4100,0
id_4101,0
id_4102,0
id_4103,0
id_4104,0
id_4105,0
id_4106,0
id_4107,0
id_4108,0
id_4109,0
id_4110,0
id_4111,0
id_4112,0
id_4113,0
id_4114,0
id_4115,0
id_4116,0
id_4117,0
id_4118,0
id_4119,0
id_4120,0
id_4121,0
id_4122,0
id_4123,0
id_4124,0
id_4125,0
id_4126,0
id_4127,0
id_4128,0
id_4129,0
id_4130,0
id_4131,0
id_4132,0
id_4133,0
id_4134,0
id_4135,0
id_4136,0
id_4137,0
id_4138,0
id_4139,0
id_4140,0
id_4141,0
id_4142,0
id_4143,0
id_4144,0
id_4145,0
id_4146,0
id_4147,0
id_4148,0
id_4149,0
id_4150,0
id_4151,0
id_4152,0
id_4153,0
id_4154,0
id_4155,0
id_4156,0
id_4157,0
id_4158,0
id_4159,0
id_4160,0
id_4161,0
id_4162,0
id_4163,0
id_4164,0
id_4165,0
id_4166,0
id_4167,0
id_4168,0
id_4169,0
id_4170,0
id_4171,0
id_4172,0
id_4173,0
id_4174,0
id_4175,0
id_4176,0
id_4177,0
id_4178,0
id_4179,0
id_4180,0
id_4181,0
id_4182,0
id_4183,0
id_4184,0
id_4185,0
id_4186,0
id_4187,0
id_4188,0
id_4189,0
id_4190,0
id_4191,0
id_4192,0
id_4193,0
id_4194,0
id_4195,0
id_4196,0
id_4197,0
id_4198,0
id_4199,0
id_4200,0
id_4201,0
id_4202,0
id_4203,0
id_4204,0
id_4205,0
id_4206,0
id_4207,0
id_4208,0
id_4209,0
id_4210,0
id_4211,0
id_4212,0
id_4213,0
id_4214,0
id_4215,0
id_4216,0
id_4217,0
id_4218,0
id_4219,0
id_4220,0
id_4221,0
id_4222,0
id_4223,0
id_4224,0
id_4225,0
id_4226,0
id_4227,0
id_4228,0
id_4229,0
id_4230,0
id_4231,0
id_4232,0
id_4233,0
id_4234,0
id_4235,0
id_4236,0
id_4237,0
id_4238,0
id_4239,0
id_4240,0
id_4241,0
id_4242,0
id_4243,0
id_4244,0
id_4245,0
id_4246,0
id_4247,0
id_4248,0
id_4249,0
id_4250,0
id_4251,0
id_4252,0
id_4253,0
id_4254,0
id_4255,0
id_4256,0
id_4257,0
id_4258,0
id_4259,0
id_4260,0
id_4261,0
id_4262,0
id_4263,0
id_4264,0
id_4265,0
id_4266,0
id_4267,1
id_4268,0
id_4269,0
id_4270,0
id_4271,0
id_4272,0
id_4273,0
id_4274,0
id_4275,0
id_4276,0
id_4277,0
id_4278,0
id_4279,0
id_4280,0
id_4281,0
id_4282,0
id_4283,0
id_4284,0
id_4285,0
id_4286,0
id_4287,0
id_4288,0
id_4289,0
id_4290,0
id_4291,0
id_4292,0
id_4293,0
id_4294,0
id_4295,0
id_4296,0
id_4297,0
id_4298,0
id_4299,0
id_4300,0
id_4301,0
id_4302,0
id_4303,0
id_4304,0
id_4305,0
id_4306,0
id_4307,0
id_4308,0
id_4309,0
id_4310,0
id_4311,0
id_4312,0
id_4313,0
id_4314,0
id_4315,0
id_4316,1
id_4317,0
id_4318,0
id_4319,0
id_4320,0
id_4321,0
id_4322,0
id_4323,0
id_4324,0
id_4325,0
id_4326,0
id_4327,0
id_4328,0
id_4329,0
id_4330,0
id_4331,0
id_4332,0
id_4333,0
id_4334,0
id_4335,0
id_4336,0
id_4337,0
id_4338,0
id_4339,0
id_4340,0
id_4341,0
id_4342,0
id_4343,0
id_4344,0
id_4345,0
id_4346,0
id_4347,0
id_4348,0
id_4349,0
id_4350,0
id_4351,0
id_4352,0
id_4353,0
id_4354,0
id_4355,0
id_4356,0
id_4357,0
id_4358,0
id_4359,0
id_4360,0
id_4361,0
id_4362,0
id_4363,0
id_4364,0
id_4365,0
id_4366,0
id_4367,0
id_4368,0
id_4369,0
id_4370,0
id_4371,0
id_4372,0
id_4373,0
id_4374,0
id_4375,0
id_4376,0
id_4377,0
id_4378,0
id_4379,0
id_4380,0
id_4381,0
id_4382,0
id_4383,0
id_4384,0
id_4385,0
id_4386,0
id_4387,0
id_4388,0
id_4389,0
id_4390,0
id_4391,0
id_4392,0
id_4393,0
id_4394,0
id_4395,0
id_4396,0
id_4397,0
id_4398,0
id_4399,0
id_4400,0
id_4401,0
id_4402,0
id_4403,0
id_4404,0
id_4405,0
id_4406,0
id_4407,0
id_4408,0
id_4409,0
id_4410,0
id_4411,0
id_4412,0
id_4413,0
id_4414,0
id_4415,0
id_4416,0
id_4417,0
id_4418,0
id_4419,0
id_4420,0
id_4421,0
id_4422,0
id_4423,0
id_4424,0
id_4425,0
id_4426,0
id_4427,0
id_4428,0
id_4429,0
id_4430,0
id_4431,0
id_4432,0
id_4433,0
id_4434,0
id_4435,0
id_4436,0
id_4437,0
id_4438,0
id_4439,0
id_4440,0
id_4441,0
id_4442,0
id_4443,0
id_4444,0
id_4445,0
id_4446,0
id_4447,0
id_4448,0
id_4449,0
id_4450,0
id_4451,0
id_4452,0
id_4453,0
id_4454,0
id_4455,0
id_4456,0
id_4457,0
id_4458,0
id_4459,0
id_4460,0
id_4461,0
id_4462,0
id_4463,0
id_4464,0
id_4465,0
id_4466,0
id_4467,0
id_4468,0
id_4469,0
id_4470,0
id_4471,0
id_4472,0
id_4473,0
id_4474,0
id_4475,0
id_4476,0
id_4477,0
id_4478,0
id_4479,0
id_4480,0
id_4481,0
id_4482,0
id_4483,0
id_4484,0
id_4485,0
id_4486,0
id_4487,0
id_4488,0
id_4489,0
id_4490,0
id_4491,0
id_4492,0
id_4493,0
id_4494,0
id_4495,0
id_4496,0
id_4497,0
id_4498,0
id_4499,0
id_4500,0
id_4501,0
id_4502,0
id_4503,0
id_4504,0
id_4505,0
id_4506,0
id_4507,0
id_4508,0
id_4509,0
id_4510,0
id_4511,0
id_4512,0
id_4513,0
id_4514,0
id_4515,0
id_4516,0
id_4517,0
id_4518,0
id_4519,0
id_4520,0
id_4521,0
id_4522,0
id_4523,0
id_4524,0
id_4525,0
id_4526,0
id_4527,0
id_4528,0
id_4529,0
id_4530,0
id_4531,0
id_4532,0
id_4533,0
id_4534,0
id_4535,0
id_4536,0
id_4537,0
id_4538,0
id_4539,0
id_4540,0
id_4541,0
id_4542,0
id_4543,0
id_4544,0
id_4545,0
id_4546,0
id_4547,0
id_4548,0
id_4549,0
id_4550,0
id_4551,0
id_4552,0
id_4553,0
id_4554,0
id_4555,0
id_4556,0
id_4557,0
id_4558,0
id_4559,0
id_4560,0
id_4561,0
id_4562,0
id_4563,0
id_4564,0
id_4565,0
id_4566,0
id_4567,0
id_4568,0
id_4569,0
id_4570,0
id_4571,0
id_4572,0
id_4573,0
id_4574,0
id_4575,0
id_4576,0
id_4577,0
id_4578,0
id_4579,0
id_4580,0
id_4581,0
id_4582,0
id_4583,0
id_4584,0
id_4585,0
id_4586,0
id_4587,0
id_4588,0
id_4589,0
id_4590,0
id_4591,0
id_4592,0
id_4593,0
id_4594,0
id_4595,0
id_4596,0
id_4597,0
id_4598,0
id_4599,0
id_4600,0
id_4601,0
id_4602,0
id_4603,0
id_4604,0
id_4605,0
id_4606,0
id_4607,0
id_4608,0
id_4609,0
id_4610,0
id_4611,0
id_4612,0
id_4613,0
id_4614,0
id_4615,0
id_4616,0
id_4617,0
id_4618,0
id_4619,0
id_4620,0
id_4621,0
id_4622,0
id_4623,0
id_4624,0
id_4625,0
id_4626,0
id_4627,0
id_4628,0
id_4629,0
id_4630,0
id_4631,0
id_4632,0
id_4633,0
id_4634,0
id_4635,0
id_4636,0
id_4637,0
id_4638,0
id_4639,0
id_4640,0
id_4641,0
id_4642,0
id_4643,0
id_4644,0
id_4645,0
id_4646,0
id_4647,0
id_4648,0
id_4649,0
id_4650,0
id_4651,0
id_4652,0
id_4653,0
id_4654,0
id_4655,0
id_4656,0
id_4657,0
id_4658,0
id_4659,0
id_4660,0
id_4661,1
id_4662,0
id_4663,0
id_4664,0
id_4665,0
id_4666,0
id_4667,0
id_4668,0
id_4669,0
id_4670,0
id_4671,0
id_4672,0
id_4673,0
id_4674,0
id_4675,0
id_4676,0
id_4677,0
id_4678,0
id_4679,0
id_4680,0
id_4681,0
id_4682,0
id_4683,0
id_4684,0
id_4685,0
id_4686,0
id_4687,0
id_4688,0
id_4689,0
id_4690,0
id_4691,0
id_4692,0
id_4693,0
id_4694,0
id_4695,0
id_4696,0
id_4697,0
id_4698,0
id_4699,0
id_4700,0
id_4701,0
id_4702,0
id_4703,0
id_4704,0
id_4705,0
id_4706,0
id_4707,0
id_4708,0
id_4709,0
id_4710,0
id_4711,0
id_4712,0
id_4713,0
id_4714,0
id_4715,0
id_4716,0
id_4717,0
id_4718,0
id_4719,0
id_4720,0
id_4721,0
id_4722,0
id_4723,0
id_4724,0
id_4725,0
id_4726,0
id_4727,0
id_4728,0
id_4729,0
id_4730,0
id_4731,0
id_4732,0
id_4733,0
id_4734,0
id_4735,0
id_4736,0
id_4737,0
id_4738,0
id_4739,0
id_4740,0
id_4741,0
id_4742,0
id_4743,0
id_4744,0
id_4745,0
id_4746,0
id_4747,0
id_4748,0
id_4749,0
id_4750,0
id_4751,0
id_4752,0
id_4753,0
id_4754,0
id_4755,0
id_4756,0
id_4757,0
id_4758,0
id_4759,0
id_4760,0
id_4761,1
id_4762,0
id_4763,0
id_4764,0
id_4765,0
id_4766,0
id_4767,0
id_4768,0
id_4769,0
id_4770,0
id_4771,0
id_4772,0
id_4773,0
id_4774,0
id_4775,0
id_4776,0
id_4777,0
id_4778,0
id_4779,0
id_4780,0
id_4781,0
id_4782,0
id_4783,0
id_4784,0
id_4785,0
id_4786,0
id_4787,0
id_4788,0
id_4789,0
id_4790,0
id_4791,0
id_4792,0
id_4793,0
id_4794,0
id_4795,0
id_4796,0
id_4797,0
id_4798,0
id_4799,0
id_4800,0
id_4801,0
id_4802,0
id_4803,0
id_4804,0
id_4805,0
id_4806,0
id_4807,0
id_4808,0
id_4809,0
id_4810,0
id_4811,0
id_4812,0
id_4813,0
id_4814,0
id_4815,0
id_4816,0
id_4817,0
id_4818,0
id_4819,0
id_4820,0
id_4821,0
id_4822,0
id_4823,0
id_4824,0
id_4825,0
id_4826,0
id_4827,0
id_4828,0
id_4829,0
id_4830,0
id_4831,0
id_4832,0
id_4833,0
id_4834,0
id_4835,0
id_4836,0
id_4837,0
id_4838,0
id_4839,0
id_4840,0
id_4841,0
id_4842,0
id_4843,0
id_4844,0
id_4845,0
id_4846,0
id_4847,0
id_4848,0
id_4849,0
id_4850,0
id_4851,0
id_4852,0
id_4853,0
id_4854,0
id_4855,0
id_4856,0
id_4857,0
id_4858,0
id_4859,0
id_4860,0
id_4861,0
id_4862,0
id_4863,0
id_4864,0
id_4865,0
id_4866,0
id_4867,0
id_4868,0
id_4869,0
id_4870,0
id_4871,0
id_4872,0
id_4873,0
id_4874,0
id_4875,0
id_4876,0
id_4877,0
id_4878,0
id_4879,0
id_4880,0
id_4881,0
id_4882,0
id_4883,0
id_4884,0
id_4885,0
id_4886,0
id_4887,0
id_4888,0
id_4889,0
id_4890,0
id_4891,0
id_4892,0
id_4893,0
id_4894,0
id_4895,0
id_4896,0
id_4897,0
id_4898,0
id_4899,0
id_4900,0
id_4901,0
id_4902,0
id_4903,0
id_4904,0
id_4905,0
id_4906,0
id_4907,0
id_4908,0
id_4909,0
id_4910,0
id_4911,0
id_4912,0
id_4913,0
id_4914,0
id_4915,0
id_4916,0
id_4917,0
id_4918,0
id_4919,0
id_4920,0
id_4921,0
id_4922,0
id_4923,0
id_4924,0
id_4925,0
id_4926,0
id_4927,0
id_4928,0
id_4929,0
id_4930,0
id_4931,0
id_4932,0
id_4933,0
id_4934,0
id_4935,0
id_4936,0
id_4937,0
id_4938,0
id_4939,0
id_4940,1
id_4941,0
id_4942,0
id_4943,0
id_4944,0
id_4945,0
id_4946,0
id_4947,0
id_4948,0
id_4949,0
id_4950,0
id_4951,0
id_4952,0
id_4953,0
id_4954,0
id_4955,0
id_4956,0
id_4957,0
id_4958,0
id_4959,0
id_4960,0
id_4961,0
id_4962,0
id_4963,0
id_4964,0
id_4965,0
id_4966,0
id_4967,0
id_4968,0
id_4969,0
id_4970,0
id_4971,0
id_4972,0
id_4973,0
id_4974,0
id_4975,0
id_4976,0
id_4977,0
id_4978,0
id_4979,0
id_4980,0
id_4981,0
id_4982,0
id_4983,0
id_4984,0
id_4985,0
id_4986,0
id_4987,0
id_4988,0
id_4989,0
id_4990,0
id_4991,0
id_4992,0
id_4993,0
id_4994,0
id_4995,0
id_4996,0
id_4997,0
id_4998,0
id_4999,0
id_5000,0
id_5001,0
id_5002,0
id_5003,0
id_5004,0
id_5005,0
id_5006,0
id_5007,0
id_5008,0
id_5009,0
id_5010,0
id_5011,0
id_5012,0
id_5013,0
id_5014,0
id_5015,0
id_5016,0
id_5017,0
id_5018,0
id_5019,0
id_5020,0
id_5021,0
id_5022,0
id_5023,0
id_5024,0
id_5025,0
id_5026,0
id_5027,0
id_5028,0
id_5029,0
id_5030,0
id_5031,0
id_5032,0
id_5033,0
id_5034,0
id_5035,0
id_5036,0
id_5037,0
id_5038,0
id_5039,0
id_5040,0
id_5041,0
id_5042,0
id_5043,0
id_5044,0
id_5045,0
id_5046,0
id_5047,0
id_5048,0
id_5049,0
id_5050,0
id_5051,0
id_5052,0
id_5053,0
id_5054,0
id_5055,0
id_5056,0
id_5057,0
id_5058,0
id_5059,0
id_5060,0
id_5061,0
id_5062,0
id_5063,0
id_5064,0
id_5065,0
id_5066,0
id_5067,0
id_5068,0
id_5069,0
id_5070,0
id_5071,0
id_5072,0
id_5073,0
id_5074,0
id_5075,0
id_5076,0
id_5077,0
id_5078,0
id_5079,0
id_5080,0
id_5081,0
id_5082,0
id_5083,0
id_5084,0
id_5085,0
id_5086,0
id_5087,0
id_5088,0
id_5089,0
id_5090,0
id_5091,0
id_5092,0
id_5093,0
id_5094,0
id_5095,0
id_5096,0
id_5097,0
id_5098,0
id_5099,0
id_5100,0
id_5101,0
id_5102,0
id_5103,0
id_5104,0
id_5105,0
id_5106,0
id_5107,0
id_5108,0
id_5109,0
id_5110,0
id_5111,0
id_5112,0
id_5113,0
id_5114,0
id_5115,0
id_5116,0
id_5117,0
id_5118,0
id_5119,0
id_5120,0
id_5121,0
id_5122,0
id_5123,0
id_5124,0
id_5125,0
id_5126,0
id_5127,0
id_5128,0
id_5129,0
id_5130,0
id_5131,0
id_5132,0
id_5133,0
id_5134,0
id_5135,0
id_5136,0
id_5137,0
id_5138,0
id_5139,0
id_5140,0
id_5141,0
id_5142,0
id_5143,0
id_5144,0
id_5145,0
id_5146,0
id_5147,0
id_5148,0
id_5149,0
id_5150,0
id_5151,0
id_5152,0
id_5153,0
id_5154,0
id_5155,0
id_5156,0
id_5157,0
id_5158,0
id_5159,0
id_5160,0
id_5161,0
id_5162,0
id_5163,0
id_5164,0
id_5165,0
id_5166,0
id_5167,0
id_5168,0
id_5169,0
id_5170,0
id_5171,0
id_5172,0
id_5173,0
id_5174,0
id_5175,0
id_5176,0
id_5177,0
id_5178,0
id_5179,0
id_5180,0
id_5181,0
id_5182,0
id_5183,0
id_5184,0
id_5185,0
id_5186,0
id_5187,0
id_5188,0
id_5189,0
id_5190,0
id_5191,0
id_5192,0
id_5193,0
id_5194,0
id_5195,0
id_5196,0
id_5197,0
id_5198,0
id_5199,0
id_5200,0
id_5201,0
id_5202,0
id_5203,0
id_5204,0
id_5205,0
id_5206,0
id_5207,0
id_5208,0
id_5209,0
id_5210,0
id_5211,0
id_5212,0
id_5213,0
id_5214,0
id_5215,0
id_5216,0
id_5217,0
id_5218,0
id_5219,0
id_5220,0
id_5221,0
id_5222,0
id_5223,0
id_5224,0
id_5225,0
id_5226,0
id_5227,0
id_5228,0
id_5229,0
id_5230,0
id_5231,0
id_5232,0
id_5233,0
id_5234,0
id_5235,0
id_5236,0
id_5237,0
id_5238,0
id_5239,0
id_5240,0
id_5241,0
id_5242,0
id_5243,0
id_5244,0
id_5245,0
id_5246,0
id_5247,0
id_5248,0
id_5249,0
id_5250,0
id_5251,0
id_5252,0
id_5253,0
id_5254,0
id_5255,0
id_5256,0
id_5257,0
id_5258,0
id_5259,0
id_5260,0
id_5261,0
id_5262,0
id_5263,0
id_5264,0
id_5265,0
id_5266,0
id_5267,0
id_5268,0
id_5269,0
id_5270,0
id_5271,0
id_5272,0
id_5273,0
id_5274,0
id_5275,0
id_5276,0
id_5277,0
id_5278,0
id_5279,0
id_5280,0
id_5281,0
id_5282,0
id_5283,0
id_5284,0
id_5285,0
id_5286,0
id_5287,0
id_5288,0
id_5289,0
id_5290,0
id_5291,0
id_5292,0
id_5293,0
id_5294,0
id_5295,0
id_5296,0
id_5297,0
id_5298,0
id_5299,0
id_5300,0
id_5301,0
id_5302,0
id_5303,0
id_5304,0
id_5305,0
id_5306,0
id_5307,0
id_5308,0
id_5309,0
id_5310,0
id_5311,0
id_5312,0
id_5313,0
id_5314,0
id_5315,0
id_5316,0
id_5317,1
id_5318,0
id_5319,0
id_5320,0
id_5321,0
id_5322,0
id_5323,0
id_5324,0
id_5325,0
id_5326,0
id_5327,0
id_5328,0
id_5329,0
id_5330,0
id_5331,0
id_5332,0
id_5333,0
id_5334,0
id_5335,0
id_5336,0
id_5337,0
id_5338,0
id_5339,0
id_5340,0
id_5341,0
id_5342,0
id_5343,0
id_5344,0
id_5345,0
id_5346,0
id_5347,0
id_5348,0
id_5349,0
id_5350,0
id_5351,0
id_5352,0
id_5353,0
id_5354,0
id_5355,0
id_5356,0
id_5357,0
id_5358,0
id_5359,0
id_5360,0
id_5361,0
id_5362,0
id_5363,0
id_5364,0
id_5365,0
id_5366,0
id_5367,0
id_5368,0
id_5369,0
id_5370,0
id_5371,0
id_5372,0
id_5373,0
id_5374,0
id_5375,0
id_5376,0
id_5377,0
id_5378,0
id_5379,0
id_5380,0
id_5381,0
id_5382,0
id_5383,0
id_5384,0
id_5385,0
id_5386,0
id_5387,0
id_5388,0
id_5389,0
id_5390,0
id_5391,0
id_5392,0
id_5393,0
id_5394,0
id_5395,0
id_5396,0
id_5397,0
id_5398,0
id_5399,0
id_5400,0
id_5401,0
id_5402,0
id_5403,0
id_5404,0
id_5405,0
id_5406,0
id_5407,0
id_5408,0
id_5409,0
id_5410,0
id_5411,0
id_5412,0
id_5413,0
id_5414,0
id_5415,0
id_5416,0
id_5417,0
id_5418,0
id_5419,0
id_5420,0
id_5421,0
id_5422,0
id_5423,0
id_5424,0
id_5425,0
id_5426,0
id_5427,0
id_5428,0
id_5429,0
id_5430,0
id_5431,0
id_5432,0
id_5433,0
id_5434,0
id_5435,0
id_5436,0
id_5437,0
id_5438,0
id_5439,0
id_5440,0
id_5441,0
id_5442,0
id_5443,0
id_5444,0
id_5445,0
id_5446,0
id_5447,0
id_5448,0
id_5449,0
id_5450,0
id_5451,0
id_5452,0
id_5453,0
id_5454,0
id_5455,0
id_5456,0
id_5457,0
id_5458,0
id_5459,0
id_5460,0
id_5461,0
id_5462,0
id_5463,0
id_5464,0
id_5465,0
id_5466,0
id_5467,0
id_5468,0
id_5469,0
id_5470,0
id_5471,0
id_5472,0
id_5473,0
id_5474,0
id_5475,0
id_5476,0
id_5477,0
id_5478,0
id_5479,0
id_5480,0
id_5481,0
id_5482,0
id_5483,0
id_5484,0
id_5485,0
id_5486,0
id_5487,0
id_5488,0
id_5489,0
id_5490,0
id_5491,0
id_5492,0
id_5493,0
id_5494,0
id_5495,0
id_5496,0
id_5497,0
id_5498,0
id_5499,0
id_5500,0
id_5501,0
id_5502,0
id_5503,0
id_5504,0
id_5505,0
id_5506,0
id_5507,0
id_5508,0
id_5509,0
id_5510,0
id_5511,0
id_5512,0
id_5513,0
id_5514,0
id_5515,0
id_5516,0
id_5517,0
id_5518,0
id_5519,0
id_5520,0
id_5521,0
id_5522,0
id_5523,0
id_5524,0
id_5525,0
id_5526,0
id_5527,0
id_5528,0
id_5529,0
id_5530,0
id_5531,0
id_5532,0
id_5533,0
id_5534,0
id_5535,0
id_5536,0
id_5537,0
id_5538,0
id_5539,0
id_5540,0
id_5541,0
id_5542,0
id_5543,0
id_5544,0
id_5545,0
id_5546,0
id_5547,0
id_5548,0
id_5549,0
id_5550,0
id_5551,0
id_5552,0
id_5553,0
id_5554,0
id_5555,0
id_5556,0
id_5557,0
id_5558,0
id_5559,0
id_5560,0
id_5561,0
id_5562,0
id_5563,0
id_5564,0
id_5565,0
id_5566,0
id_5567,0
id_5568,0
id_5569,0
id_5570,0
id_5571,0
id_5572,0
id_5573,0
id_5574,0
id_5575,0
id_5576,0
id_5577,0
id_5578,0
id_5579,0
id_5580,0
id_5581,0
id_5582,0
id_5583,0
id_5584,0
id_5585,0
id_5586,0
id_5587,0
id_5588,0
id_5589,0
id_5590,0
id_5591,0
id_5592,0
id_5593,0
id_5594,0
id_5595,0
id_5596,0
id_5597,0
id_5598,0
id_5599,0
id_5600,0
id_5601,0
id_5602,0
id_5603,0
id_5604,0
id_5605,0
id_5606,0
id_5607,0
id_5608,0
id_5609,0
id_5610,0
id_5611,0
id_5612,0
id_5613,0
id_5614,0
id_5615,0
id_5616,0
id_5617,0
id_5618,0
id_5619,0
id_5620,0
id_5621,0
id_5622,0
id_5623,0
id_5624,0
id_5625,0
id_5626,0
id_5627,0
id_5628,0
id_5629,0
id_5630,0
id_5631,0
id_5632,0
id_5633,0
id_5634,0
id_5635,0
id_5636,0
id_5637,0
id_5638,0
id_5639,0
id_5640,0
id_5641,0
id_5642,0
id_5643,0
id_5644,0
id_5645,0
id_5646,0
id_5647,0
id_5648,0
id_5649,0
id_5650,0
id_5651,0
id_5652,0
id_5653,0
id_5654,0
id_5655,0
id_5656,0
id_5657,0
id_5658,0
id_5659,0
id_5660,0
id_5661,0
id_5662,0
id_5663,0
id_5664,0
id_5665,0
id_5666,0
id_5667,0
id_5668,0
id_5669,0
id_5670,0
id_5671,0
id_5672,0
id_5673,0
id_5674,0
id_5675,0
id_5676,0
id_5677,0
id_5678,0
id_5679,0
id_5680,0
id_5681,0
id_5682,0
id_5683,0
id_5684,0
id_5685,0
id_5686,0
id_5687,0
id_5688,0
id_5689,0
id_5690,0
id_5691,0
id_5692,0
id_5693,0
id_5694,0
id_5695,0
id_5696,0
id_5697,0
id_5698,0
id_5699,0
id_5700,0
id_5701,0
id_5702,0
id_5703,0
id_5704,0
id_5705,0
id_5706,0
id_5707,0
id_5708,0
id_5709,0
id_5710,0
id_5711,0
id_5712,0
id_5713,0
id_5714,0
id_5715,0
id_5716,0
id_5717,0
id_5718,0
id_5719,0
id_5720,0
id_5721,0
id_5722,0
id_5723,0
id_5724,0
id_5725,0
id_5726,0
id_5727,0
id_5728,0
id_5729,0
id_5730,0
id_5731,0
id_5732,0
id_5733,0
id_5734,0
id_5735,0
id_5736,0
id_5737,0
id_5738,0
id_5739,0
id_5740,0
id_5741,0
id_5742,0
id_5743,0
id_5744,0
id_5745,0
id_5746,0
id_5747,0
id_5748,0
id_5749,0
id_5750,0
id_5751,0
id_5752,0
id_5753,0
id_5754,0
id_5755,0
id_5756,0
id_5757,0
id_5758,0
id_5759,0
id_5760,0
id_5761,0
id_5762,0
id_5763,0
id_5764,0
id_5765,0
id_5766,0
id_5767,0
id_5768,0
id_5769,0
id_5770,0
id_5771,0
id_5772,0
id_5773,0
id_5774,0
id_5775,0
id_5776,0
id_5777,0
id_5778,0
id_5779,0
id_5780,0
id_5781,0
id_5782,0
id_5783,0
id_5784,0
id_5785,0
id_5786,0
id_5787,0
id_5788,0
id_5789,0
id_5790,0
id_5791,0
id_5792,0
id_5793,0
id_5794,0
id_5795,0
id_5796,0
id_5797,0
id_5798,0
id_5799,0
id_5800,0
id_5801,0
id_5802,0
id_5803,0
id_5804,0
id_5805,0
id_5806,0
id_5807,0
id_5808,0
id_5809,0
id_5810,0
id_5811,0
id_5812,0
id_5813,0
id_5814,0
id_5815,0
id_5816,0
id_5817,0
id_5818,0
id_5819,0
id_5820,0
id_5821,0
id_5822,0
id_5823,0
id_5824,0
id_5825,0
id_5826,0
id_5827,0
id_5828,0
id_5829,0
id_5830,0
id_5831,0
id_5832,0
id_5833,0
id_5834,0
id_5835,0
id_5836,0
id_5837,0
id_5838,0
id_5839,0
id_5840,0
id_5841,0
id_5842,0
id_5843,0
id_5844,0
id_5845,0
id_5846,0
id_5847,0
id_5848,0
id_5849,0
id_5850,0
id_5851,0
id_5852,0
id_5853,0
id_5854,0
id_5855,0
id_5856,0
id_5857,0
id_5858,0
id_5859,0
id_5860,0
id_5861,0
id_5862,0
id_5863,0
id_5864,0
id_5865,0
id_5866,0
id_5867,0
id_5868,0
id_5869,0
id_5870,0
id_5871,0
id_5872,0
id_5873,0
id_5874,0
id_5875,0
id_5876,0
id_5877,0
id_5878,0
id_5879,0
id_5880,0
id_5881,0
id_5882,0
id_5883,0
id_5884,0
id_5885,0
id_5886,0
id_5887,0
id_5888,0
id_5889,0
id_5890,0
id_5891,0
id_5892,0
id_5893,0
id_5894,0
id_5895,0
id_5896,0
id_5897,0
id_5898,0
id_5899,0
id_5900,0
id_5901,0
id_5902,0
id_5903,0
id_5904,0
id_5905,0
id_5906,0
id_5907,0
id_5908,0
id_5909,0
id_5910,0
id_5911,0
id_5912,0
id_5913,0
id_5914,0
id_5915,0
id_5916,0
id_5917,0
id_5918,0
id_5919,0
id_5920,0
id_5921,0
id_5922,0
id_5923,0
id_5924,0
id_5925,0
id_5926,0
id_5927,0
id_5928,0
id_5929,0
id_5930,0
id_5931,0
id_5932,0
id_5933,0
id_5934,0
id_5935,0
id_5936,0
id_5937,0
id_5938,0
id_5939,0
id_5940,0
id_5941,0
id_5942,0
id_5943,0
id_5944,0
id_5945,0
id_5946,0
id_5947,0
id_5948,0
id_5949,0
id_5950,0
id_5951,0
id_5952,0
id_5953,0
id_5954,0
id_5955,0
id_5956,0
id_5957,0
id_5958,0
id_5959,0
id_5960,0
id_5961,0
id_5962,0
id_5963,0
id_5964,0
id_5965,0
id_5966,0
id_5967,0
id_5968,0
id_5969,0
id_5970,0
id_5971,0
id_5972,0
id_5973,0
id_5974,0
id_5975,0
id_5976,0
id_5977,0
id_5978,0
id_5979,0
id_5980,0
id_5981,0
id_5982,0
id_5983,0
id_5984,0
id_5985,0
id_5986,0
id_5987,0
id_5988,0
id_5989,0
id_5990,0
id_5991,0
id_5992,0
id_5993,0
id_5994,0
id_5995,0
id_5996,0
id_5997,0
id_5998,0
id_5999,0
id_6000,0
id_6001,0
id_6002,0
id_6003,0
id_6004,0
id_6005,0
id_6006,0
id_6007,0
id_6008,0
id_6009,0
id_6010,0
id_6011,0
id_6012,0
id_6013,0
id_6014,0
id_6015,0
id_6016,0
id_6017,0
id_6018,0
id_6019,0
id_6020,0
id_6021,0
id_6022,0
id_6023,0
id_6024,0
id_6025,0
id_6026,0
id_6027,0
id_6028,0
id_6029,0
id_6030,0
id_6031,0
id_6032,0
id_6033,0
id_6034,0
id_6035,0
id_6036,0
id_6037,0
id_6038,0
id_6039,0
id_6040,0
id_6041,0
id_6042,0
id_6043,0
id_6044,0
id_6045,0
id_6046,0
id_6047,0
id_6048,0
id_6049,0
id_6050,0
id_6051,0
id_6052,0
id_6053,0
id_6054,0
id_6055,0
id_6056,0
id_6057,0
id_6058,0
id_6059,0
id_6060,0
id_6061,0
id_6062,0
id_6063,0
id_6064,0
id_6065,0
id_6066,0
id_6067,0
id_6068,0
id_6069,0
id_6070,0
id_6071,0
id_6072,0
id_6073,0
id_6074,0
id_6075,0
id_6076,0
id_6077,0
id_6078,0
id_6079,0
id_6080,0
id_6081,0
id_6082,0
id_6083,0
id_6084,0
id_6085,0
id_6086,0
id_6087,0
id_6088,0
id_6089,0
id_6090,0
id_6091,0
id_6092,0
id_6093,0
id_6094,0
id_6095,0
id_6096,0
id_6097,0
id_6098,0
id_6099,0
id_6100,0
id_6101,0
id_6102,0
id_6103,0
id_6104,0
id_6105,0
id_6106,0
id_6107,0
id_6108,0
id_6109,0
id_6110,0
id_6111,0
id_6112,0
id_6113,0
id_6114,0
id_6115,0
id_6116,0
id_6117,0
id_6118,0
id_6119,0
id_6120,0
id_6121,0
id_6122,0
id_6123,0
id_6124,0
id_6125,0
id_6126,0
id_6127,0
id_6128,0
id_6129,0
id_6130,0
id_6131,0
id_6132,0
id_6133,0
id_6134,0
id_6135,0
id_6136,0
id_6137,0
id_6138,0
id_6139,0
id_6140,0
id_6141,0
id_6142,0
id_6143,0
id_6144,0
id_6145,0
id_6146,0
id_6147,0
id_6148,0
id_6149,0
id_6150,0
id_6151,0
id_6152,0
id_6153,0
id_6154,0
id_6155,0
id_6156,0
id_6157,0
id_6158,0
id_6159,0
id_6160,0
id_6161,0
id_6162,0
id_6163,0
id_6164,0
id_6165,0
id_6166,0
id_6167,0
id_6168,0
id_6169,0
id_6170,0
id_6171,0
id_6172,0
id_6173,0
id_6174,0
id_6175,0
id_6176,0
id_6177,0
id_6178,0
id_6179,0
id_6180,0
id_6181,0
id_6182,0
id_6183,0
id_6184,0
id_6185,0
id_6186,0
id_6187,0
id_6188,0
id_6189,0
id_6190,0
id_6191,0
id_6192,0
id_6193,0
id_6194,0
id_6195,0
id_6196,0
id_6197,0
id_6198,0
id_6199,0
id_6200,0
id_6201,0
id_6202,0
id_6203,0
id_6204,0
id_6205,0
id_6206,0
id_6207,0
id_6208,0
id_6209,0
id_6210,0
id_6211,0
id_6212,0
id_6213,0
id_6214,0
id_6215,0
id_6216,0
id_6217,0
id_6218,0
id_6219,0
id_6220,0
id_6221,0
id_6222,0
id_6223,0
id_6224,0
id_6225,0
id_6226,0
id_6227,0
id_6228,0
id_6229,0
id_6230,0
id_6231,0
id_6232,0
id_6233,0
id_6234,0
id_6235,0
id_6236,0
id_6237,0
id_6238,0
id_6239,0
id_6240,0
id_6241,0
id_6242,0
id_6243,0
id_6244,0
id_6245,0
id_6246,0
id_6247,0
id_6248,0
id_6249,0
id_6250,0
id_6251,0
id_6252,0
id_6253,0
id_6254,0
id_6255,0
id_6256,0
id_6257,0
id_6258,0
id_6259,0
id_6260,0
id_6261,0
id_6262,0
id_6263,0
id_6264,1
id_6265,0
id_6266,0
id_6267,0
id_6268,0
id_6269,0
id_6270,0
id_6271,0
id_6272,0
id_6273,0
id_6274,0
id_6275,0
id_6276,0
id_6277,0
id_6278,0
id_6279,0
id_6280,0
id_6281,0
id_6282,0
id_6283,0
id_6284,0
id_6285,0
id_6286,0
id_6287,0
id_6288,0
id_6289,0
id_6290,0
id_6291,0
id_6292,0
id_6293,0
id_6294,0
id_6295,0
id_6296,0
id_6297,0
id_6298,0
id_6299,0
id_6300,0
id_6301,0
id_6302,0
id_6303,0
id_6304,0
id_6305,0
id_6306,0
id_6307,0
id_6308,0
id_6309,0
id_6310,0
id_6311,0
id_6312,0
id_6313,0
id_6314,0
id_6315,0
id_6316,0
id_6317,0
id_6318,0
id_6319,0
id_6320,0
id_6321,0
id_6322,0
id_6323,0
id_6324,0
id_6325,0
id_6326,0
id_6327,0
id_6328,0
id_6329,0
id_6330,0
id_6331,0
id_6332,0
id_6333,0
id_6334,0
id_6335,0
id_6336,0
id_6337,0
id_6338,0
id_6339,0
id_6340,0
id_6341,0
id_6342,0
id_6343,0
id_6344,0
id_6345,0
id_6346,0
id_6347,0
id_6348,0
id_6349,0
id_6350,0
id_6351,0
id_6352,0
id_6353,0
id_6354,0
id_6355,0
id_6356,0
id_6357,0
id_6358,0
id_6359,0
id_6360,1
id_6361,0
id_6362,0
id_6363,0
id_6364,0
id_6365,0
id_6366,0
id_6367,0
id_6368,0
id_6369,0
id_6370,0
id_6371,0
id_6372,0
id_6373,0
id_6374,0
id_6375,0
id_6376,0
id_6377,0
id_6378,0
id_6379,0
id_6380,0
id_6381,0
id_6382,0
id_6383,0
id_6384,0
id_6385,0
id_6386,0
id_6387,0
id_6388,0
id_6389,0
id_6390,0
id_6391,0
id_6392,0
id_6393,0
id_6394,0
id_6395,0
id_6396,0
id_6397,0
id_6398,0
id_6399,0
id_6400,0
id_6401,0
id_6402,0
id_6403,0
id_6404,0
id_6405,0
id_6406,0
id_6407,0
id_6408,0
id_6409,0
id_6410,0
id_6411,0
id_6412,0
id_6413,0
id_6414,0
id_6415,0
id_6416,0
id_6417,0
id_6418,0
id_6419,0
id_6420,0
id_6421,0
id_6422,0
id_6423,0
id_6424,0
id_6425,0
id_6426,0
id_6427,0
id_6428,0
id_6429,0
id_6430,0
id_6431,0
id_6432,0
id_6433,0
id_6434,0
id_6435,0
id_6436,0
id_6437,0
id_6438,0
id_6439,0
id_6440,0
id_6441,0
id_6442,0
id_6443,0
id_6444,0
id_6445,0
id_6446,0
id_6447,0
id_6448,0
id_6449,0
id_6450,0
id_6451,0
id_6452,0
id_6453,0
id_6454,0
id_6455,0
id_6456,0
id_6457,0
id_6458,0
id_6459,0
id_6460,0
id_6461,0
id_6462,0
id_6463,0
id_6464,0
id_6465,0
id_6466,0
id_6467,0
id_6468,0
id_6469,0
id_6470,0
id_6471,0
id_6472,0
id_6473,0
id_6474,0
id_6475,0
id_6476,0
id_6477,0
id_6478,0
id_6479,0
id_6480,0
id_6481,0
id_6482,0
id_6483,0
id_6484,0
id_6485,0
id_6486,0
id_6487,0
id_6488,0
id_6489,0
id_6490,0
id_6491,0
id_6492,0
id_6493,0
id_6494,0
id_6495,0
id_6496,0
id_6497,0
id_6498,0
id_6499,0
id_6500,0
id_6501,0
id_6502,0
id_6503,0
id_6504,0
id_6505,0
id_6506,0
id_6507,0
id_6508,0
id_6509,0
id_6510,0
id_6511,0
id_6512,0
id_6513,0
id_6514,0
id_6515,0
id_6516,0
id_6517,0
id_6518,0
id_6519,0
id_6520,0
id_6521,0
id_6522,0
id_6523,0
id_6524,0
id_6525,0
id_6526,0
id_6527,0
id_6528,0
id_6529,0
id_6530,0
id_6531,0
id_6532,0
id_6533,0
id_6534,0
id_6535,0
id_6536,0
id_6537,0
id_6538,0
id_6539,0
id_6540,0
id_6541,0
id_6542,0
id_6543,0
id_6544,0
id_6545,0
id_6546,0
id_6547,0
id_6548,0
id_6549,0
id_6550,0
id_6551,0
id_6552,0
id_6553,0
id_6554,0
id_6555,0
id_6556,0
id_6557,0
id_6558,0
id_6559,0
id_6560,0
id_6561,0
id_6562,0
id_6563,0
id_6564,0
id_6565,0
id_6566,0
id_6567,0
id_6568,0
id_6569,0
id_6570,0
id_6571,0
id_6572,0
id_6573,0
id_6574,0
id_6575,0
id_6576,0
id_6577,0
id_6578,0
id_6579,0
id_6580,0
id_6581,0
id_6582,0
id_6583,0
id_6584,0
id_6585,0
id_6586,0
id_6587,0
id_6588,0
id_6589,0
id_6590,0
id_6591,0
id_6592,0
id_6593,0
id_6594,0
id_6595,0
id_6596,0
id_6597,0
id_6598,0
id_6599,0
id_6600,0
id_6601,0
id_6602,0
id_6603,0
id_6604,0
id_6605,0
id_6606,0
id_6607,0
id_6608,0
id_6609,0
id_6610,0
id_6611,0
id_6612,0
id_6613,0
id_6614,0
id_6615,0
id_6616,0
id_6617,0
id_6618,0
id_6619,0
id_6620,0
id_6621,0
id_6622,0
id_6623,0
id_6624,0
id_6625,0
id_6626,0
id_6627,0
id_6628,0
id_6629,0
id_6630,0
id_6631,0
id_6632,0
id_6633,0
id_6634,0
id_6635,0
id_6636,0
id_6637,0
id_6638,0
id_6639,0
id_6640,0
id_6641,0
id_6642,0
id_6643,0
id_6644,0
id_6645,0
id_6646,0
id_6647,0
id_6648,0
id_6649,0
id_6650,0
id_6651,0
id_6652,0
id_6653,0
id_6654,0
id_6655,0
id_6656,0
id_6657,0
id_6658,0
id_6659,0
id_6660,0
id_6661,0
id_6662,0
id_6663,0
id_6664,0
id_6665,0
id_6666,0
id_6667,0
id_6668,0
id_6669,0
id_6670,0
id_6671,0
id_6672,0
id_6673,0
id_6674,0
id_6675,0
id_6676,0
id_6677,0
id_6678,0
id_6679,0
id_6680,0
id_6681,0
id_6682,0
id_6683,0
id_6684,0
id_6685,0
id_6686,0
id_6687,0
id_6688,0
id_6689,0
id_6690,0
id_6691,0
id_6692,0
id_6693,0
id_6694,0
id_6695,0
id_6696,0
id_6697,0
id_6698,0
id_6699,0
id_6700,0
id_6701,0
id_6702,0
id_6703,0
id_6704,0
id_6705,0
id_6706,0
id_6707,0
id_6708,0
id_6709,0
id_6710,0
id_6711,0
id_6712,0
id_6713,0
id_6714,0
id_6715,0
id_6716,0
id_6717,0
id_6718,0
id_6719,0
id_6720,0
id_6721,0
id_6722,0
id_6723,0
id_6724,0
id_6725,0
id_6726,0
id_6727,0
id_6728,0
id_6729,0
id_6730,0
id_6731,0
id_6732,0
id_6733,0
id_6734,0
id_6735,0
id_6736,0
id_6737,0
id_6738,0
id_6739,0
id_6740,0
id_6741,0
id_6742,0
id_6743,0
id_6744,0
id_6745,0
id_6746,0
id_6747,0
id_6748,0
id_6749,0
id_6750,0
id_6751,0
id_6752,0
id_6753,0
id_6754,0
id_6755,0
id_6756,0
id_6757,0
id_6758,0
id_6759,0
id_6760,0
id_6761,0
id_6762,0
id_6763,0
id_6764,0
id_6765,1
id_6766,0
id_6767,0
id_6768,1
id_6769,0
id_6770,0
id_6771,0
id_6772,0
id_6773,0
id_6774,0
id_6775,0
id_6776,0
id_6777,0
id_6778,0
id_6779,0
id_6780,0
id_6781,0
id_6782,0
id_6783,0
id_6784,0
id_6785,0
id_6786,0
id_6787,0
id_6788,0
id_6789,0
id_6790,0
id_6791,0
id_6792,0
id_6793,0
id_6794,0
id_6795,0
id_6796,0
id_6797,0
id_6798,0
id_6799,0
id_6800,0
id_6801,0
id_6802,0
id_6803,0
id_6804,0
id_6805,0
id_6806,0
id_6807,0
id_6808,0
id_6809,0
id_6810,0
id_6811,0
id_6812,0
id_6813,0
id_6814,0
id_6815,0
id_6816,0
id_6817,0
id_6818,0
id_6819,0
id_6820,0
id_6821,0
id_6822,0
id_6823,0
id_6824,0
id_6825,0
id_6826,0
id_6827,0
id_6828,0
id_6829,0
id_6830,0
id_6831,0
id_6832,0
id_6833,0
id_6834,0
id_6835,0
id_6836,0
id_6837,0
id_6838,0
id_6839,0
id_6840,0
id_6841,0
id_6842,0
id_6843,0
id_6844,0
id_6845,0
id_6846,0
id_6847,0
id_6848,0
id_6849,0
id_6850,1
id_6851,0
id_6852,0
id_6853,0
id_6854,0
id_6855,0
id_6856,0
id_6857,0
id_6858,0
id_6859,0
id_6860,0
id_6861,0
id_6862,0
id_6863,0
id_6864,0
id_6865,0
id_6866,0
id_6867,0
id_6868,0
id_6869,0
id_6870,0
id_6871,0
id_6872,0
id_6873,0
id_6874,0
id_6875,0
id_6876,0
id_6877,0
id_6878,0
id_6879,0
id_6880,0
id_6881,0
id_6882,0
id_6883,0
id_6884,0
id_6885,0
id_6886,0
id_6887,0
id_6888,0
id_6889,0
id_6890,0
id_6891,0
id_6892,0
id_6893,0
id_6894,0
id_6895,0
id_6896,0
id_6897,0
id_6898,0
id_6899,0
id_6900,0
id_6901,0
id_6902,0
id_6903,0
id_6904,0
id_6905,0
id_6906,0
id_6907,0
id_6908,0
id_6909,0
id_6910,0
id_6911,0
id_6912,0
id_6913,0
id_6914,0
id_6915,0
id_6916,0
id_6917,0
id_6918,0
id_6919,0
id_6920,0
id_6921,0
id_6922,0
id_6923,0
id_6924,0
id_6925,0
id_6926,0
id_6927,0
id_6928,0
id_6929,0
id_6930,0
id_6931,0
id_6932,0
id_6933,0
id_6934,0
id_6935,0
id_6936,0
id_6937,0
id_6938,0
id_6939,1
id_6940,0
id_6941,0
id_6942,0
id_6943,0
id_6944,0
id_6945,0
id_6946,0
id_6947,0
id_6948,0
id_6949,0
id_6950,0
id_6951,0
id_6952,0
id_6953,0
id_6954,0
id_6955,0
id_6956,0
id_6957,0
id_6958,0
id_6959,0
id_6960,0
id_6961,0
id_6962,0
id_6963,0
id_6964,0
id_6965,0
id_6966,0
id_6967,0
id_6968,0
id_6969,0
id_6970,0
id_6971,0
id_6972,0
id_6973,0
id_6974,0
id_6975,0
id_6976,0
id_6977,0
id_6978,0
id_6979,0
id_6980,0
id_6981,0
id_6982,0
id_6983,0
id_6984,0
id_6985,0
id_6986,0
id_6987,0
id_6988,0
id_6989,0
id_6990,0
id_6991,0
id_6992,0
id_6993,0
id_6994,0
id_6995,0
id_6996,0
id_6997,0
id_6998,0
id_6999,0
id_7000,0
id_7001,0
id_7002,0
id_7003,0
id_7004,0
id_7005,0
id_7006,0
id_7007,0
id_7008,0
id_7009,0
id_7010,0
id_7011,0
id_7012,0
id_7013,0
id_7014,0
id_7015,0
id_7016,0
id_7017,0
id_7018,0
id_7019,0
id_7020,0
id_7021,0
id_7022,0
id_7023,0
id_7024,0
id_7025,0
id_7026,0
id_7027,0
id_7028,0
id_7029,0
id_7030,0
id_7031,0
id_7032,0
id_7033,0
id_7034,0
id_7035,0
id_7036,0
id_7037,0
id_7038,0
id_7039,0
id_7040,0
id_7041,0
id_7042,0
id_7043,0
id_7044,0
id_7045,0
id_7046,0
id_7047,0
id_7048,0
id_7049,0
id_7050,0
id_7051,0
id_7052,0
id_7053,0
id_7054,0
id_7055,0
id_7056,0
id_7057,0
id_7058,0
id_7059,0
id_7060,0
id_7061,0
id_7062,0
id_7063,0
id_7064,0
id_7065,0
id_7066,0
id_7067,0
id_7068,0
id_7069,0
id_7070,0
id_7071,0
id_7072,0
id_7073,0
id_7074,0
id_7075,0
id_7076,0
id_7077,0
id_7078,0
id_7079,0
id_7080,0
id_7081,0
id_7082,0
id_7083,0
id_7084,0
id_7085,0
id_7086,0
id_7087,0
id_7088,0
id_7089,0
id_7090,0
id_7091,0
id_7092,0
id_7093,0
id_7094,0
id_7095,0
id_7096,0
id_7097,0
id_7098,0
id_7099,0
id_7100,0
id_7101,0
id_7102,0
id_7103,0
id_7104,0
id_7105,0
id_7106,0
id_7107,0
id_7108,0
id_7109,0
id_7110,0
id_7111,0
id_7112,0
id_7113,0
id_7114,0
id_7115,0
id_7116,0
id_7117,0
id_7118,0
id_7119,0
id_7120,0
id_7121,0
id_7122,0
id_7123,0
id_7124,0
id_7125,0
id_7126,0
id_7127,0
id_7128,0
id_7129,0
id_7130,0
id_7131,0
id_7132,0
id_7133,0
id_7134,0
id_7135,0
id_7136,0
id_7137,0
id_7138,0
id_7139,0
id_7140,0
id_7141,0
id_7142,0
id_7143,0
id_7144,0
id_7145,0
id_7146,0
id_7147,0
id_7148,0
id_7149,0
id_7150,0
id_7151,0
id_7152,0
id_7153,0
id_7154,0
id_7155,0
id_7156,0
id_7157,0
id_7158,0
id_7159,0
id_7160,0
id_7161,0
id_7162,0
id_7163,0
id_7164,0
id_7165,0
id_7166,0
id_7167,0
id_7168,0
id_7169,0
id_7170,0
id_7171,0
id_7172,0
id_7173,0
id_7174,0
id_7175,0
id_7176,0
id_7177,0
id_7178,0
id_7179,0
id_7180,0
id_7181,0
id_7182,0
id_7183,0
id_7184,0
id_7185,0
id_7186,0
id_7187,0
id_7188,0
id_7189,0
id_7190,0
id_7191,0
id_7192,0
id_7193,0
id_7194,0
id_7195,0
id_7196,0
id_7197,0
id_7198,0
id_7199,0
id_7200,0
id_7201,0
id_7202,0
id_7203,0
id_7204,0
id_7205,0
id_7206,0
id_7207,0
id_7208,0
id_7209,0
id_7210,0
id_7211,0
id_7212,0
id_7213,0
id_7214,0
id_7215,0
id_7216,0
id_7217,0
id_7218,0
id_7219,0
id_7220,0
id_7221,0
id_7222,0
id_7223,0
id_7224,0
id_7225,0
id_7226,0
id_7227,0
id_7228,0
id_7229,0
id_7230,0
id_7231,0
id_7232,0
id_7233,0
id_7234,0
id_7235,0
id_7236,0
id_7237,0
id_7238,0
id_7239,0
id_7240,0
id_7241,0
id_7242,0
id_7243,0
id_7244,0
id_7245,0
id_7246,0
id_7247,0
id_7248,0
id_7249,0
id_7250,0
id_7251,0
id_7252,0
id_7253,0
id_7254,0
id_7255,0
id_7256,0
id_7257,0
id_7258,0
id_7259,0
id_7260,0
id_7261,0
id_7262,0
id_7263,0
id_7264,0
id_7265,0
id_7266,0
id_7267,0
id_7268,0
id_7269,0
id_7270,0
id_7271,0
id_7272,0
id_7273,0
id_7274,0
id_7275,0
id_7276,0
id_7277,0
id_7278,0
id_7279,0
id_7280,0
id_7281,0
id_7282,0
id_7283,0
id_7284,0
id_7285,0
id_7286,0
id_7287,0
id_7288,0
id_7289,0
id_7290,0
id_7291,0
id_7292,0
id_7293,0
id_7294,0
id_7295,0
id_7296,0
id_7297,0
id_7298,0
id_7299,0
id_7300,0
id_7301,0
id_7302,0
id_7303,0
id_7304,0
id_7305,0
id_7306,0
id_7307,0
id_7308,0
id_7309,0
id_7310,0
id_7311,0
id_7312,0
id_7313,0
id_7314,0
id_7315,0
id_7316,0
id_7317,0
id_7318,0
id_7319,0
id_7320,0
id_7321,0
id_7322,0
id_7323,0
id_7324,0
id_7325,0
id_7326,0
id_7327,0
id_7328,0
id_7329,0
id_7330,0
id_7331,0
id_7332,0
id_7333,0
id_7334,0
id_7335,0
id_7336,0
id_7337,0
id_7338,0
id_7339,0
id_7340,0
id_7341,0
id_7342,0
id_7343,0
id_7344,0
id_7345,0
id_7346,0
id_7347,0
id_7348,0
id_7349,0
id_7350,0
id_7351,0
id_7352,0
id_7353,0
id_7354,0
id_7355,0
id_7356,0
id_7357,0
id_7358,0
id_7359,0
id_7360,0
id_7361,0
id_7362,0
id_7363,0
id_7364,0
id_7365,0
id_7366,0
id_7367,0
id_7368,0
id_7369,0
id_7370,0
id_7371,0
id_7372,0
id_7373,0
id_7374,0
id_7375,0
id_7376,0
id_7377,0
id_7378,0
id_7379,0
id_7380,0
id_7381,0
id_7382,0
id_7383,0
id_7384,0
id_7385,0
id_7386,0
id_7387,0
id_7388,0
id_7389,0
id_7390,0
id_7391,0
id_7392,0
id_7393,0
id_7394,0
id_7395,0
id_7396,0
id_7397,0
id_7398,0
id_7399,0
id_7400,0
id_7401,0
id_7402,0
id_7403,0
id_7404,0
id_7405,0
id_7406,0
id_7407,0
id_7408,0
id_7409,0
id_7410,0
id_7411,0
id_7412,0
id_7413,0
id_7414,0
id_7415,0
id_7416,0
id_7417,0
id_7418,0
id_7419,0
id_7420,0
id_7421,0
id_7422,0
id_7423,0
id_7424,0
id_7425,1
id_7426,0
id_7427,0
id_7428,0
id_7429,0
id_7430,0
id_7431,0
id_7432,0
id_7433,0
id_7434,0
id_7435,0
id_7436,0
id_7437,0
id_7438,0
id_7439,0
id_7440,0
id_7441,0
id_7442,0
id_7443,0
id_7444,0
id_7445,0
id_7446,0
id_7447,0
id_7448,0
id_7449,0
id_7450,0
id_7451,0
id_7452,0
id_7453,0
id_7454,0
id_7455,0
id_7456,0
id_7457,0
id_7458,0
id_7459,0
id_7460,0
id_7461,0
id_7462,0
id_7463,0
id_7464,0
id_7465,0
id_7466,0
id_7467,0
id_7468,0
id_7469,0
id_7470,0
id_7471,0
id_7472,0
id_7473,0
id_7474,0
id_7475,0
id_7476,0
id_7477,0
id_7478,0
id_7479,0
id_7480,0
id_7481,0
id_7482,0
id_7483,0
id_7484,0
id_7485,0
id_7486,0
id_7487,0
id_7488,0
id_7489,0
id_7490,0
id_7491,0
id_7492,0
id_7493,0
id_7494,0
id_7495,0
id_7496,0
id_7497,0
id_7498,0
id_7499,0
id_7500,0
id_7501,0
id_7502,0
id_7503,0
id_7504,0
id_7505,0
id_7506,0
id_7507,0
id_7508,0
id_7509,0
id_7510,0
id_7511,0
id_7512,0
id_7513,0
id_7514,0
id_7515,0
id_7516,0
id_7517,0
id_7518,0
id_7519,0
id_7520,0
id_7521,0
id_7522,0
id_7523,0
id_7524,0
id_7525,0
id_7526,0
id_7527,0
id_7528,0
id_7529,0
id_7530,0
id_7531,0
id_7532,0
id_7533,0
id_7534,0
id_7535,0
id_7536,0
id_7537,0
id_7538,0
id_7539,0
id_7540,0
id_7541,0
id_7542,0
id_7543,0
id_7544,0
id_7545,0
id_7546,0
id_7547,0
id_7548,0
id_7549,0
id_7550,0
id_7551,0
id_7552,0
id_7553,0
id_7554,0
id_7555,0
id_7556,0
id_7557,0
id_7558,0
id_7559,0
id_7560,0
id_7561,0
id_7562,0
id_7563,0
id_7564,0
id_7565,0
id_7566,0
id_7567,0
id_7568,0
id_7569,0
id_7570,0
id_7571,0
id_7572,0
id_7573,0
id_7574,0
id_7575,0
id_7576,0
id_7577,0
id_7578,0
id_7579,0
id_7580,0
id_7581,0
id_7582,0
id_7583,0
id_7584,0
id_7585,0
id_7586,0
id_7587,0
id_7588,0
id_7589,0
id_7590,0
id_7591,0
id_7592,0
id_7593,0
id_7594,0
id_7595,0
id_7596,0
id_7597,0
id_7598,0
id_7599,0
id_7600,0
id_7601,0
id_7602,0
id_7603,0
id_7604,0
id_7605,0
id_7606,0
id_7607,0
id_7608,0
id_7609,0
id_7610,0
id_7611,0
id_7612,0
id_7613,0
id_7614,0
id_7615,0
id_7616,0
id_7617,0
id_7618,0
id_7619,0
id_7620,0
id_7621,0
id_7622,0
id_7623,0
id_7624,0
id_7625,0
id_7626,0
id_7627,0
id_7628,0
id_7629,0
id_7630,0
id_7631,0
id_7632,0
id_7633,0
id_7634,0
id_7635,0
id_7636,0
id_7637,0
id_7638,0
id_7639,0
id_7640,0
id_7641,0
id_7642,0
id_7643,0
id_7644,0
id_7645,0
id_7646,0
id_7647,0
id_7648,0
id_7649,0
id_7650,0
id_7651,0
id_7652,0
id_7653,0
id_7654,0
id_7655,0
id_7656,0
id_7657,0
id_7658,0
id_7659,0
id_7660,0
id_7661,0
id_7662,0
id_7663,0
id_7664,0
id_7665,0
id_7666,0
id_7667,0
id_7668,0
id_7669,0
id_7670,0
id_7671,0
id_7672,0
id_7673,0
id_7674,0
id_7675,0
id_7676,0
id_7677,0
id_7678,0
id_7679,0
id_7680,0
id_7681,0
id_7682,0
id_7683,0
id_7684,0
id_7685,0
id_7686,0
id_7687,0
id_7688,0
id_7689,0
id_7690,0
id_7691,0
id_7692,0
id_7693,0
id_7694,0
id_7695,0
id_7696,0
id_7697,0
id_7698,0
id_7699,0
id_7700,0
id_7701,0
id_7702,0
id_7703,0
id_7704,0
id_7705,0
id_7706,0
id_7707,0
id_7708,0
id_7709,0
id_7710,1
id_7711,0
id_7712,0
id_7713,0
id_7714,0
id_7715,0
id_7716,0
id_7717,0
id_7718,0
id_7719,0
id_7720,0
id_7721,0
id_7722,0
id_7723,0
id_7724,0
id_7725,0
id_7726,0
id_7727,0
id_7728,0
id_7729,0
id_7730,0
id_7731,0
id_7732,0
id_7733,0
id_7734,0
id_7735,0
id_7736,0
id_7737,0
id_7738,0
id_7739,0
id_7740,0
id_7741,0
id_7742,0
id_7743,0
id_7744,0
id_7745,0
id_7746,0
id_7747,0
id_7748,0
id_7749,0
id_7750,0
id_7751,0
id_7752,0
id_7753,0
id_7754,0
id_7755,0
id_7756,0
id_7757,0
id_7758,0
id_7759,0
id_7760,0
id_7761,0
id_7762,0
id_7763,0
id_7764,0
id_7765,0
id_7766,0
id_7767,0
id_7768,0
id_7769,0
id_7770,0
id_7771,0
id_7772,0
id_7773,0
id_7774,0
id_7775,0
id_7776,0
id_7777,0
id_7778,0
id_7779,0
id_7780,0
id_7781,0
id_7782,0
id_7783,0
id_7784,0
id_7785,0
id_7786,0
id_7787,0
id_7788,0
id_7789,0
id_7790,0
id_7791,0
id_7792,0
id_7793,0
id_7794,0
id_7795,0
id_7796,0
id_7797,0
id_7798,0
id_7799,0
id_7800,0
id_7801,0
id_7802,0
id_7803,0
id_7804,0
id_7805,0
id_7806,0
id_7807,0
id_7808,0
id_7809,0
id_7810,0
id_7811,0
id_7812,0
id_7813,0
id_7814,0
id_7815,0
id_7816,0
id_7817,0
id_7818,0
id_7819,0
id_7820,0
id_7821,0
id_7822,0
id_7823,0
id_7824,0
id_7825,0
id_7826,0
id_7827,0
id_7828,0
id_7829,0
id_7830,0
id_7831,0
id_7832,0
id_7833,0
id_7834,0
id_7835,0
id_7836,0
id_7837,0
id_7838,0
id_7839,0
id_7840,0
id_7841,0
id_7842,0
id_7843,0
id_7844,0
id_7845,0
id_7846,0
id_7847,0
id_7848,0
id_7849,0
id_7850,0
id_7851,0
id_7852,0
id_7853,0
id_7854,0
id_7855,0
id_7856,0
id_7857,0
id_7858,0
id_7859,0
id_7860,0
id_7861,0
id_7862,0
id_7863,0
id_7864,0
id_7865,0
id_7866,0
id_7867,0
id_7868,0
id_7869,0
id_7870,0
id_7871,0
id_7872,0
id_7873,0
id_7874,0
id_7875,0
id_7876,0
id_7877,0
id_7878,0
id_7879,0
id_7880,0
id_7881,0
id_7882,0
id_7883,0
id_7884,0
id_7885,0
id_7886,0
id_7887,0
id_7888,0
id_7889,0
id_7890,0
id_7891,0
id_7892,0
id_7893,0
id_7894,0
id_7895,0
id_7896,0
id_7897,0
id_7898,0
id_7899,0
id_7900,0
id_7901,0
id_7902,0
id_7903,0
id_7904,0
id_7905,0
id_7906,0
id_7907,0
id_7908,0
id_7909,0
id_7910,0
id_7911,0
id_7912,0
id_7913,0
id_7914,0
id_7915,0
id_7916,0
id_7917,0
id_7918,0
id_7919,0
id_7920,0
id_7921,0
id_7922,0
id_7923,0
id_7924,0
id_7925,0
id_7926,0
id_7927,0
id_7928,0
id_7929,0
id_7930,0
id_7931,0
id_7932,0
id_7933,0
id_7934,0
id_7935,0
id_7936,0
id_7937,0
id_7938,0
id_7939,0
id_7940,0
id_7941,0
id_7942,0
id_7943,0
id_7944,0
id_7945,0
id_7946,0
id_7947,0
id_7948,0
id_7949,0
id_7950,0
id_7951,0
id_7952,0
id_7953,0
id_7954,0
id_7955,0
id_7956,0
id_7957,0
id_7958,0
id_7959,0
id_7960,0
id_7961,0
id_7962,0
id_7963,0
id_7964,0
id_7965,1
id_7966,0
id_7967,0
id_7968,0
id_7969,0
id_7970,0
id_7971,0
id_7972,0
id_7973,0
id_7974,0
id_7975,0
id_7976,0
id_7977,0
id_7978,0
id_7979,0
id_7980,0
id_7981,0
id_7982,0
id_7983,0
id_7984,0
id_7985,0
id_7986,0
id_7987,0
id_7988,0
id_7989,0
id_7990,0
id_7991,0
id_7992,0
id_7993,0
id_7994,0
id_7995,0
id_7996,0
id_7997,0
id_7998,0
id_7999,0
id_8000,0
id_8001,0
id_8002,0
id_8003,0
id_8004,0
id_8005,0
id_8006,0
id_8007,0
id_8008,0
id_8009,0
id_8010,1
id_8011,0
id_8012,0
id_8013,0
id_8014,0
id_8015,0
id_8016,0
id_8017,0
id_8018,0
id_8019,0
id_8020,0
id_8021,0
id_8022,0
id_8023,0
id_8024,0
id_8025,0
id_8026,0
id_8027,0
id_8028,0
id_8029,0
id_8030,0
id_8031,0
id_8032,0
id_8033,0
id_8034,0
id_8035,0
id_8036,0
id_8037,0
id_8038,0
id_8039,0
id_8040,0
id_8041,0
id_8042,0
id_8043,0
id_8044,0
id_8045,0
id_8046,0
id_8047,0
id_8048,0
id_8049,0
id_8050,0
id_8051,0
id_8052,0
id_8053,0
id_8054,0
id_8055,0
id_8056,0
id_8057,0
id_8058,0
id_8059,0
id_8060,0
id_8061,0
id_8062,0
id_8063,0
id_8064,0
id_8065,0
id_8066,0
id_8067,0
id_8068,0
id_8069,0
id_8070,0
id_8071,0
id_8072,0
id_8073,0
id_8074,0
id_8075,0
id_8076,0
id_8077,0
id_8078,0
id_8079,0
id_8080,0
id_8081,0
id_8082,0
id_8083,0
id_8084,0
id_8085,0
id_8086,0
id_8087,0
id_8088,0
id_8089,0
id_8090,0
id_8091,0
id_8092,0
id_8093,0
id_8094,0
id_8095,0
id_8096,0
id_8097,0
id_8098,0
id_8099,0
id_8100,0
id_8101,0
id_8102,0
id_8103,0
id_8104,0
id_8105,0
id_8106,0
id_8107,0
id_8108,0
id_8109,0
id_8110,0
id_8111,0
id_8112,0
id_8113,0
id_8114,0
id_8115,0
id_8116,0
id_8117,0
id_8118,0
id_8119,0
id_8120,0
id_8121,0
id_8122,0
id_8123,0
id_8124,0
id_8125,0
id_8126,0
id_8127,0
id_8128,0
id_8129,0
id_8130,0
id_8131,0
id_8132,0
id_8133,0
id_8134,0
id_8135,0
id_8136,0
id_8137,0
id_8138,0
id_8139,0
id_8140,0
id_8141,0
id_8142,0
id_8143,0
id_8144,0
id_8145,0
id_8146,0
id_8147,0
id_8148,0
id_8149,0
id_8150,0
id_8151,0
id_8152,0
id_8153,0
id_8154,0
id_8155,0
id_8156,0
id_8157,0
id_8158,0
id_8159,0
id_8160,0
id_8161,0
id_8162,0
id_8163,0
id_8164,0
id_8165,0
id_8166,0
id_8167,0
id_8168,0
id_8169,0
id_8170,0
id_8171,0
id_8172,0
id_8173,0
id_8174,0
id_8175,0
id_8176,0
id_8177,0
id_8178,0
id_8179,0
id_8180,0
id_8181,0
id_8182,0
id_8183,0
id_8184,0
id_8185,0
id_8186,0
id_8187,0
id_8188,0
id_8189,0
id_8190,0
id_8191,0
id_8192,0
id_8193,0
id_8194,0
id_8195,0
id_8196,0
id_8197,0
id_8198,0
id_8199,0
id_8200,0
id_8201,0
id_8202,0
id_8203,0
id_8204,0
id_8205,0
id_8206,0
id_8207,0
id_8208,0
id_8209,0
id_8210,0
id_8211,0
id_8212,0
id_8213,0
id_8214,0
id_8215,0
id_8216,0
id_8217,0
id_8218,0
id_8219,0
id_8220,0
id_8221,0
id_8222,0
id_8223,0
id_8224,0
id_8225,0
id_8226,0
id_8227,0
id_8228,0
id_8229,0
id_8230,0
id_8231,0
id_8232,0
id_8233,0
id_8234,0
id_8235,0
id_8236,0
id_8237,0
id_8238,0
id_8239,0
id_8240,0
id_8241,0
id_8242,0
id_8243,0
id_8244,0
id_8245,0
id_8246,0
id_8247,0
id_8248,0
id_8249,0
id_8250,0
id_8251,0
id_8252,0
id_8253,0
id_8254,0
id_8255,0
id_8256,0
id_8257,0
id_8258,0
id_8259,0
id_8260,0
id_8261,0
id_8262,0
id_8263,0
id_8264,0
id_8265,0
id_8266,1
id_8267,0
id_8268,0
id_8269,0
id_8270,0
id_8271,0
id_8272,0
id_8273,0
id_8274,0
id_8275,0
id_8276,0
id_8277,0
id_8278,0
id_8279,0
id_8280,0
id_8281,0
id_8282,0
id_8283,0
id_8284,0
id_8285,0
id_8286,0
id_8287,0
id_8288,0
id_8289,0
id_8290,0
id_8291,0
id_8292,0
id_8293,0
id_8294,0
id_8295,0
id_8296,0
id_8297,0
id_8298,0
id_8299,0
id_8300,0
id_8301,0
id_8302,0
id_8303,0
id_8304,0
id_8305,0
id_8306,0
id_8307,0
id_8308,0
id_8309,0
id_8310,0
id_8311,0
id_8312,0
id_8313,0
id_8314,0
id_8315,0
id_8316,0
id_8317,0
id_8318,0
id_8319,0
id_8320,0
id_8321,0
id_8322,0
id_8323,0
id_8324,0
id_8325,0
id_8326,0
id_8327,0
id_8328,0
id_8329,0
id_8330,0
id_8331,0
id_8332,0
id_8333,0
id_8334,0
id_8335,0
id_8336,0
id_8337,0
id_8338,0
id_8339,0
id_8340,0
id_8341,0
id_8342,0
id_8343,0
id_8344,0
id_8345,0
id_8346,0
id_8347,0
id_8348,0
id_8349,0
id_8350,0
id_8351,0
id_8352,0
id_8353,0
id_8354,0
id_8355,0
id_8356,0
id_8357,0
id_8358,0
id_8359,0
id_8360,0
id_8361,0
id_8362,0
id_8363,0
id_8364,0
id_8365,0
id_8366,0
id_8367,0
id_8368,0
id_8369,0
id_8370,0
id_8371,0
id_8372,0
id_8373,0
id_8374,0
id_8375,0
id_8376,0
id_8377,0
id_8378,0
id_8379,0
id_8380,0
id_8381,0
id_8382,0
id_8383,0
id_8384,0
id_8385,0
id_8386,0
id_8387,0
id_8388,0
id_8389,0
id_8390,0
id_8391,0
id_8392,0
id_8393,0
id_8394,0
id_8395,0
id_8396,0
id_8397,0
id_8398,0
id_8399,0
id_8400,0
id_8401,0
id_8402,0
id_8403,0
id_8404,0
id_8405,0
id_8406,0
id_8407,0
id_8408,0
id_8409,0
id_8410,0
id_8411,0
id_8412,0
id_8413,0
id_8414,0
id_8415,0
id_8416,0
id_8417,0
id_8418,0
id_8419,0
id_8420,0
id_8421,0
id_8422,0
id_8423,0
id_8424,0
id_8425,0
id_8426,0
id_8427,0
id_8428,0
id_8429,0
id_8430,0
id_8431,0
id_8432,0
id_8433,0
id_8434,0
id_8435,0
id_8436,0
id_8437,0
id_8438,0
id_8439,0
id_8440,0
id_8441,0
id_8442,0
id_8443,0
id_8444,0
id_8445,0
id_8446,0
id_8447,0
id_8448,0
id_8449,0
id_8450,0
id_8451,0
id_8452,0
id_8453,0
id_8454,0
id_8455,1
id_8456,0
id_8457,0
id_8458,0
id_8459,0
id_8460,0
id_8461,0
id_8462,0
id_8463,0
id_8464,0
id_8465,0
id_8466,0
id_8467,0
id_8468,0
id_8469,0
id_8470,0
id_8471,0
id_8472,0
id_8473,0
id_8474,0
id_8475,0
id_8476,0
id_8477,0
id_8478,0
id_8479,0
id_8480,0
id_8481,0
id_8482,0
id_8483,0
id_8484,0
id_8485,1
id_8486,0
id_8487,0
id_8488,0
id_8489,0
id_8490,0
id_8491,0
id_8492,0
id_8493,0
id_8494,0
id_8495,0
id_8496,0
id_8497,0
id_8498,0
id_8499,0
id_8500,0
id_8501,0
id_8502,0
id_8503,0
id_8504,0
id_8505,0
id_8506,0
id_8507,0
id_8508,0
id_8509,0
id_8510,0
id_8511,0
id_8512,0
id_8513,0
id_8514,0
id_8515,0
id_8516,0
id_8517,0
id_8518,0
id_8519,0
id_8520,0
id_8521,0
id_8522,0
id_8523,0
id_8524,0
id_8525,0
id_8526,0
id_8527,0
id_8528,0
id_8529,0
id_8530,0
id_8531,0
id_8532,0
id_8533,0
id_8534,0
id_8535,0
id_8536,0
id_8537,0
id_8538,0
id_8539,0
id_8540,0
id_8541,0
id_8542,0
id_8543,0
id_8544,0
id_8545,0
id_8546,0
id_8547,0
id_8548,0
id_8549,0
id_8550,0
id_8551,0
id_8552,0
id_8553,0
id_8554,0
id_8555,0
id_8556,0
id_8557,0
id_8558,0
id_8559,0
id_8560,0
id_8561,0
id_8562,0
id_8563,0
id_8564,0
id_8565,0
id_8566,0
id_8567,0
id_8568,0
id_8569,0
id_8570,0
id_8571,0
id_8572,0
id_8573,0
id_8574,0
id_8575,0
id_8576,0
id_8577,0
id_8578,0
id_8579,0
id_8580,0
id_8581,0
id_8582,0
id_8583,0
id_8584,0
id_8585,0
id_8586,0
id_8587,0
id_8588,0
id_8589,0
id_8590,0
id_8591,0
id_8592,0
id_8593,0
id_8594,0
id_8595,0
id_8596,0
id_8597,0
id_8598,0
id_8599,0
id_8600,0
id_8601,0
id_8602,1
id_8603,0
id_8604,0
id_8605,0
id_8606,0
id_8607,0
id_8608,0
id_8609,0
id_8610,0
id_8611,0
id_8612,0
id_8613,0
id_8614,0
id_8615,0
id_8616,0
id_8617,0
id_8618,0
id_8619,0
id_8620,0
id_8621,0
id_8622,0
id_8623,0
id_8624,0
id_8625,0
id_8626,0
id_8627,0
id_8628,0
id_8629,0
id_8630,0
id_8631,0
id_8632,0
id_8633,0
id_8634,0
id_8635,0
id_8636,0
id_8637,0
id_8638,0
id_8639,0
id_8640,0
id_8641,0
id_8642,0
id_8643,0
id_8644,0
id_8645,0
id_8646,0
id_8647,0
id_8648,0
id_8649,0
id_8650,0
id_8651,0
id_8652,0
id_8653,0
id_8654,0
id_8655,0
id_8656,0
id_8657,0
id_8658,0
id_8659,0
id_8660,0
id_8661,0
id_8662,0
id_8663,0
id_8664,0
id_8665,0
id_8666,0
id_8667,0
id_8668,0
id_8669,0
id_8670,0
id_8671,0
id_8672,0
id_8673,0
id_8674,0
id_8675,0
id_8676,0
id_8677,0
id_8678,0
id_8679,0
id_8680,0
id_8681,0
id_8682,0
id_8683,0
id_8684,0
id_8685,0
id_8686,0
id_8687,0
id_8688,0
id_8689,0
id_8690,0
id_8691,0
id_8692,0
id_8693,0
id_8694,0
id_8695,0
id_8696,0
id_8697,0
id_8698,0
id_8699,0
id_8700,0
id_8701,0
id_8702,0
id_8703,0
id_8704,0
id_8705,0
id_8706,0
id_8707,0
id_8708,0
id_8709,0
id_8710,0
id_8711,0
id_8712,0
id_8713,0
id_8714,0
id_8715,0
id_8716,0
id_8717,0
id_8718,0
id_8719,0
id_8720,0
id_8721,0
id_8722,0
id_8723,0
id_8724,0
id_8725,0
id_8726,0
id_8727,0
id_8728,0
id_8729,0
id_8730,0
id_8731,0
id_8732,0
id_8733,0
id_8734,0
id_8735,0
id_8736,0
id_8737,0
id_8738,0
id_8739,0
id_8740,0
id_8741,0
id_8742,0
id_8743,0
id_8744,0
id_8745,0
id_8746,0
id_8747,0
id_8748,0
id_8749,0
id_8750,0
id_8751,0
id_8752,0
id_8753,0
id_8754,0
id_8755,0
id_8756,0
id_8757,0
id_8758,0
id_8759,0
id_8760,0
id_8761,0
id_8762,0
id_8763,0
id_8764,0
id_8765,0
id_8766,0
id_8767,0
id_8768,0
id_8769,0
id_8770,0
id_8771,0
id_8772,0
id_8773,0
id_8774,0
id_8775,0
id_8776,0
id_8777,0
id_8778,0
id_8779,0
id_8780,0
id_8781,0
id_8782,0
id_8783,0
id_8784,0
id_8785,0
id_8786,0
id_8787,0
id_8788,0
id_8789,0
id_8790,0
id_8791,0
id_8792,0
id_8793,0
id_8794,0
id_8795,0
id_8796,0
id_8797,0
id_8798,0
id_8799,0
id_8800,0
id_8801,0
id_8802,0
id_8803,0
id_8804,0
id_8805,0
id_8806,0
id_8807,0
id_8808,0
id_8809,0
id_8810,0
id_8811,0
id_8812,0
id_8813,0
id_8814,0
id_8815,0
id_8816,0
id_8817,0
id_8818,0
id_8819,0
id_8820,0
id_8821,0
id_8822,0
id_8823,0
id_8824,0
id_8825,0
id_8826,0
id_8827,0
id_8828,0
id_8829,0
id_8830,0
id_8831,0
id_8832,0
id_8833,0
id_8834,0
id_8835,0
id_8836,0
id_8837,0
id_8838,0
id_8839,0
id_8840,0
id_8841,0
id_8842,0
id_8843,0
id_8844,0
id_8845,0
id_8846,0
id_8847,0
id_8848,0
id_8849,0
id_8850,0
id_8851,0
id_8852,0
id_8853,0
id_8854,0
id_8855,0
id_8856,0
id_8857,0
id_8858,0
id_8859,0
id_8860,0
id_8861,0
id_8862,0
id_8863,0
id_8864,0
id_8865,0
id_8866,0
id_8867,0
id_8868,0
id_8869,0
id_8870,0
id_8871,0
id_8872,0
id_8873,0
id_8874,0
id_8875,0
id_8876,0
id_8877,0
id_8878,0
id_8879,0
id_8880,0
id_8881,0
id_8882,0
id_8883,0
id_8884,0
id_8885,0
id_8886,0
id_8887,0
id_8888,0
id_8889,0
id_8890,0
id_8891,0
id_8892,0
id_8893,0
id_8894,0
id_8895,0
id_8896,0
id_8897,0
id_8898,0
id_8899,0
id_8900,0
id_8901,0
id_8902,0
id_8903,0
id_8904,0
id_8905,0
id_8906,0
id_8907,0
id_8908,0
id_8909,0
id_8910,0
id_8911,0
id_8912,0
id_8913,0
id_8914,0
id_8915,0
id_8916,0
id_8917,0
id_8918,0
id_8919,0
id_8920,0
id_8921,0
id_8922,0
id_8923,0
id_8924,0
id_8925,0
id_8926,0
id_8927,0
id_8928,0
id_8929,0
id_8930,0
id_8931,0
id_8932,0
id_8933,0
id_8934,0
id_8935,0
id_8936,0
id_8937,0
id_8938,0
id_8939,0
id_8940,0
id_8941,0
id_8942,0
id_8943,0
id_8944,0
id_8945,0
id_8946,0
id_8947,0
id_8948,0
id_8949,0
id_8950,0
id_8951,0
id_8952,0
id_8953,0
id_8954,0
id_8955,0
id_8956,0
id_8957,0
id_8958,0
id_8959,0
id_8960,0
id_8961,0
id_8962,0
id_8963,0
id_8964,1
id_8965,0
id_8966,0
id_8967,0
id_8968,0
id_8969,0
id_8970,0
id_8971,0
id_8972,0
id_8973,0
id_8974,0
id_8975,0
id_8976,0
id_8977,0
id_8978,0
id_8979,0
id_8980,0
id_8981,0
id_8982,0
id_8983,0
id_8984,0
id_8985,0
id_8986,0
id_8987,0
id_8988,0
id_8989,0
id_8990,0
id_8991,0
id_8992,0
id_8993,0
id_8994,0
id_8995,0
id_8996,0
id_8997,0
id_8998,0
id_8999,0
id_9000,0
id_9001,0
id_9002,0
id_9003,0
id_9004,0
id_9005,0
id_9006,0
id_9007,0
id_9008,0
id_9009,0
id_9010,0
id_9011,0
id_9012,0
id_9013,0
id_9014,0
id_9015,0
id_9016,0
id_9017,0
id_9018,0
id_9019,0
id_9020,0
id_9021,0
id_9022,0
id_9023,0
id_9024,0
id_9025,0
id_9026,0
id_9027,0
id_9028,0
id_9029,0
id_9030,0
id_9031,0
id_9032,0
id_9033,0
id_9034,0
id_9035,0
id_9036,0
id_9037,0
id_9038,0
id_9039,0
id_9040,0
id_9041,0
id_9042,0
id_9043,0
id_9044,0
id_9045,0
id_9046,0
id_9047,0
id_9048,0
id_9049,0
id_9050,0
id_9051,0
id_9052,0
id_9053,0
id_9054,0
id_9055,0
id_9056,0
id_9057,0
id_9058,0
id_9059,0
id_9060,0
id_9061,0
id_9062,0
id_9063,0
id_9064,0
id_9065,0
id_9066,0
id_9067,0
id_9068,0
id_9069,0
id_9070,0
id_9071,0
id_9072,0
id_9073,0
id_9074,0
id_9075,0
id_9076,0
id_9077,0
id_9078,0
id_9079,0
id_9080,0
id_9081,0
id_9082,0
id_9083,0
id_9084,0
id_9085,0
id_9086,0
id_9087,0
id_9088,0
id_9089,0
id_9090,0
id_9091,0
id_9092,0
id_9093,0
id_9094,0
id_9095,0
id_9096,0
id_9097,0
id_9098,0
id_9099,0
id_9100,0
id_9101,0
id_9102,0
id_9103,0
id_9104,0
id_9105,0
id_9106,0
id_9107,0
id_9108,0
id_9109,0
id_9110,0
id_9111,0
id_9112,0
id_9113,0
id_9114,0
id_9115,0
id_9116,0
id_9117,0
id_9118,0
id_9119,0
id_9120,0
id_9121,0
id_9122,0
id_9123,0
id_9124,0
id_9125,0
id_9126,0
id_9127,0
id_9128,0
id_9129,0
id_9130,0
id_9131,0
id_9132,0
id_9133,0
id_9134,0
id_9135,0
id_9136,0
id_9137,0
id_9138,0
id_9139,0
id_9140,0
id_9141,0
id_9142,0
id_9143,0
id_9144,0
id_9145,0
id_9146,0
id_9147,0
id_9148,0
id_9149,0
id_9150,0
id_9151,0
id_9152,0
id_9153,0
id_9154,0
id_9155,0
id_9156,0
id_9157,0
id_9158,0
id_9159,0
id_9160,0
id_9161,0
id_9162,0
id_9163,0
id_9164,0
id_9165,0
id_9166,0
id_9167,0
id_9168,0
id_9169,0
id_9170,0
id_9171,1
id_9172,0
id_9173,0
id_9174,0
id_9175,0
id_9176,0
id_9177,0
id_9178,0
id_9179,0
id_9180,0
id_9181,0
id_9182,0
id_9183,0
id_9184,0
id_9185,0
id_9186,0
id_9187,0
id_9188,0
id_9189,0
id_9190,0
id_9191,0
id_9192,0
id_9193,0
id_9194,0
id_9195,0
id_9196,0
id_9197,0
id_9198,0
id_9199,0
id_9200,0
id_9201,0
id_9202,0
id_9203,0
id_9204,0
id_9205,0
id_9206,0
id_9207,0
id_9208,0
id_9209,0
id_9210,0
id_9211,0
id_9212,0
id_9213,0
id_9214,0
id_9215,0
id_9216,0
id_9217,0
id_9218,0
id_9219,0
id_9220,0
id_9221,0
id_9222,0
id_9223,0
id_9224,0
id_9225,0
id_9226,0
id_9227,0
id_9228,1
id_9229,0
id_9230,0
id_9231,0
id_9232,0
id_9233,0
id_9234,0
id_9235,0
id_9236,0
id_9237,0
id_9238,0
id_9239,0
id_9240,0
id_9241,0
id_9242,0
id_9243,0
id_9244,0
id_9245,0
id_9246,0
id_9247,0
id_9248,0
id_9249,0
id_9250,0
id_9251,0
id_9252,0
id_9253,0
id_9254,0
id_9255,0
id_9256,0
id_9257,0
id_9258,0
id_9259,0
id_9260,0
id_9261,0
id_9262,0
id_9263,0
id_9264,0
id_9265,0
id_9266,0
id_9267,0
id_9268,0
id_9269,0
id_9270,0
id_9271,0
id_9272,0
id_9273,0
id_9274,0
id_9275,0
id_9276,0
id_9277,0
id_9278,0
id_9279,0
id_9280,0
id_9281,0
id_9282,0
id_9283,0
id_9284,0
id_9285,0
id_9286,0
id_9287,0
id_9288,0
id_9289,0
id_9290,0
id_9291,0
id_9292,0
id_9293,0
id_9294,0
id_9295,0
id_9296,0
id_9297,0
id_9298,0
id_9299,0
id_9300,0
id_9301,0
id_9302,0
id_9303,0
id_9304,0
id_9305,0
id_9306,0
id_9307,0
id_9308,0
id_9309,0
id_9310,0
id_9311,0
id_9312,0
id_9313,0
id_9314,0
id_9315,0
id_9316,0
id_9317,0
id_9318,0
id_9319,0
id_9320,0
id_9321,0
id_9322,0
id_9323,0
id_9324,1
id_9325,0
id_9326,0
id_9327,0
id_9328,0
id_9329,0
id_9330,0
id_9331,0
id_9332,0
id_9333,0
id_9334,0
id_9335,0
id_9336,0
id_9337,0
id_9338,0
id_9339,0
id_9340,0
id_9341,0
id_9342,0
id_9343,0
id_9344,0
id_9345,0
id_9346,0
id_9347,0
id_9348,1
id_9349,0
id_9350,0
id_9351,0
id_9352,0
id_9353,0
id_9354,0
id_9355,0
id_9356,0
id_9357,0
id_9358,1
id_9359,0
id_9360,0
id_9361,0
id_9362,0
id_9363,0
id_9364,0
id_9365,0
id_9366,0
id_9367,0
id_9368,0
id_9369,0
id_9370,0
id_9371,0
id_9372,0
id_9373,0
id_9374,0
id_9375,0
id_9376,0
id_9377,0
id_9378,0
id_9379,0
id_9380,0
id_9381,0
id_9382,0
id_9383,0
id_9384,0
id_9385,0
id_9386,0
id_9387,0
id_9388,0
id_9389,0
id_9390,0
id_9391,0
id_9392,0
id_9393,0
id_9394,0
id_9395,0
id_9396,0
id_9397,0
id_9398,0
id_9399,0
id_9400,0
id_9401,0
id_9402,0
id_9403,0
id_9404,0
id_9405,0
id_9406,0
id_9407,0
id_9408,0
id_9409,0
id_9410,0
id_9411,0
id_9412,0
id_9413,0
id_9414,0
id_9415,0
id_9416,0
id_9417,0
id_9418,0
id_9419,0
id_9420,0
id_9421,0
id_9422,0
id_9423,0
id_9424,0
id_9425,0
id_9426,0
id_9427,0
id_9428,0
id_9429,0
id_9430,0
id_9431,0
id_9432,0
id_9433,0
id_9434,0
id_9435,0
id_9436,0
id_9437,0
id_9438,0
id_9439,0
id_9440,0
id_9441,0
id_9442,0
id_9443,0
id_9444,0
id_9445,0
id_9446,0
id_9447,0
id_9448,0
id_9449,0
id_9450,0
id_9451,0
id_9452,0
id_9453,0
id_9454,0
id_9455,0
id_9456,0
id_9457,0
id_9458,0
id_9459,0
id_9460,0
id_9461,0
id_9462,0
id_9463,0
id_9464,0
id_9465,0
id_9466,0
id_9467,0
id_9468,0
id_9469,0
id_9470,0
id_9471,0
id_9472,0
id_9473,0
id_9474,0
id_9475,0
id_9476,0
id_9477,0
id_9478,0
id_9479,0
id_9480,0
id_9481,0
id_9482,0
id_9483,0
id_9484,0
id_9485,0
id_9486,0
id_9487,0
id_9488,0
id_9489,0
id_9490,0
id_9491,0
id_9492,0
id_9493,0
id_9494,0
id_9495,0
id_9496,0
id_9497,0
id_9498,0
id_9499,0
id_9500,0
id_9501,0
id_9502,0
id_9503,0
id_9504,0
id_9505,0
id_9506,0
id_9507,0
id_9508,0
id_9509,0
id_9510,0
id_9511,0
id_9512,0
id_9513,0
id_9514,0
id_9515,0
id_9516,0
id_9517,0
id_9518,0
id_9519,0
id_9520,0
id_9521,0
id_9522,0
id_9523,0
id_9524,0
id_9525,0
id_9526,0
id_9527,0
id_9528,0
id_9529,0
id_9530,0
id_9531,0
id_9532,0
id_9533,0
id_9534,0
id_9535,0
id_9536,0
id_9537,0
id_9538,0
id_9539,0
id_9540,0
id_9541,0
id_9542,0
id_9543,0
id_9544,0
id_9545,0
id_9546,1
id_9547,0
id_9548,0
id_9549,0
id_9550,0
id_9551,0
id_9552,0
id_9553,0
id_9554,0
id_9555,0
id_9556,0
id_9557,0
id_9558,0
id_9559,0
id_9560,0
id_9561,0
id_9562,0
id_9563,0
id_9564,0
id_9565,0
id_9566,0
id_9567,0
id_9568,0
id_9569,0
id_9570,0
id_9571,0
id_9572,0
id_9573,0
id_9574,0
id_9575,0
id_9576,0
id_9577,0
id_9578,0
id_9579,0
id_9580,0
id_9581,0
id_9582,0
id_9583,0
id_9584,0
id_9585,0
id_9586,0
id_9587,0
id_9588,0
id_9589,0
id_9590,1
id_9591,0
id_9592,0
id_9593,0
id_9594,0
id_9595,0
id_9596,0
id_9597,0
id_9598,0
id_9599,0
id_9600,0
id_9601,0
id_9602,0
id_9603,0
id_9604,0
id_9605,0
id_9606,0
id_9607,0
id_9608,0
id_9609,0
id_9610,0
id_9611,0
id_9612,0
id_9613,0
id_9614,0
id_9615,0
id_9616,0
id_9617,0
id_9618,0
id_9619,0
id_9620,0
id_9621,0
id_9622,0
id_9623,0
id_9624,0
id_9625,0
id_9626,0
id_9627,0
id_9628,0
id_9629,0
id_9630,0
id_9631,0
id_9632,0
id_9633,0
id_9634,0
id_9635,0
id_9636,0
id_9637,0
id_9638,0
id_9639,0
id_9640,0
id_9641,0
id_9642,0
id_9643,0
id_9644,0
id_9645,0
id_9646,0
id_9647,0
id_9648,0
id_9649,0
id_9650,0
id_9651,0
id_9652,0
id_9653,0
id_9654,0
id_9655,0
id_9656,0
id_9657,0
id_9658,0
id_9659,0
id_9660,0
id_9661,0
id_9662,0
id_9663,0
id_9664,0
id_9665,0
id_9666,0
id_9667,0
id_9668,0
id_9669,0
id_9670,0
id_9671,0
id_9672,0
id_9673,0
id_9674,0
id_9675,0
id_9676,0
id_9677,0
id_9678,0
id_9679,0
id_9680,0
id_9681,0
id_9682,0
id_9683,0
id_9684,0
id_9685,0
id_9686,0
id_9687,0
id_9688,0
id_9689,0
id_9690,0
id_9691,0
id_9692,0
id_9693,0
id_9694,0
id_9695,0
id_9696,0
id_9697,0
id_9698,0
id_9699,0
id_9700,0
id_9701,0
id_9702,0
id_9703,0
id_9704,0
id_9705,0
id_9706,0
id_9707,0
id_9708,0
id_9709,0
id_9710,0
id_9711,0
id_9712,0
id_9713,0
id_9714,0
id_9715,0
id_9716,0
id_9717,0
id_9718,0
id_9719,0
id_9720,0
id_9721,0
id_9722,0
id_9723,0
id_9724,0
id_9725,0
id_9726,0
id_9727,0
id_9728,0
id_9729,0
id_9730,0
id_9731,0
id_9732,0
id_9733,0
id_9734,0
id_9735,0
id_9736,0
id_9737,0
id_9738,0
id_9739,0
id_9740,0
id_9741,0
id_9742,0
id_9743,0
id_9744,0
id_9745,1
id_9746,0
id_9747,0
id_9748,0
id_9749,0
id_9750,0
id_9751,0
id_9752,0
id_9753,0
id_9754,0
id_9755,0
id_9756,0
id_9757,0
id_9758,0
id_9759,0
id_9760,0
id_9761,0
id_9762,0
id_9763,0
id_9764,0
id_9765,0
id_9766,0
id_9767,0
id_9768,0
id_9769,0
id_9770,0
id_9771,0
id_9772,0
id_9773,0
id_9774,0
id_9775,0
id_9776,0
id_9777,0
id_9778,0
id_9779,0
id_9780,0
id_9781,0
id_9782,0
id_9783,0
id_9784,0
id_9785,0
id_9786,0
id_9787,0
id_9788,0
id_9789,0
id_9790,0
id_9791,0
id_9792,0
id_9793,0
id_9794,0
id_9795,0
id_9796,0
id_9797,0
id_9798,0
id_9799,0
id_9800,0
id_9801,0
id_9802,0
id_9803,0
id_9804,0
id_9805,0
id_9806,0
id_9807,0
id_9808,0
id_9809,0
id_9810,0
id_9811,0
id_9812,0
id_9813,0
id_9814,0
id_9815,0
id_9816,0
id_9817,0
id_9818,0
id_9819,0
id_9820,0
id_9821,0
id_9822,0
id_9823,0
id_9824,0
id_9825,0
id_9826,0
id_9827,0
id_9828,0
id_9829,0
id_9830,0
id_9831,0
id_9832,0
id_9833,0
id_9834,0
id_9835,0
id_9836,0
id_9837,0
id_9838,0
id_9839,0
id_9840,0
id_9841,0
id_9842,0
id_9843,0
id_9844,0
id_9845,0
id_9846,0
id_9847,0
id_9848,0
id_9849,0
id_9850,0
id_9851,0
id_9852,0
id_9853,0
id_9854,0
id_9855,0
id_9856,0
id_9857,0
id_9858,0
id_9859,0
id_9860,0
id_9861,0
id_9862,0
id_9863,0
id_9864,0
id_9865,0
id_9866,0
id_9867,0
id_9868,0
id_9869,0
id_9870,0
id_9871,0
id_9872,0
id_9873,0
id_9874,0
id_9875,0
id_9876,0
id_9877,0
id_9878,0
id_9879,0
id_9880,0
id_9881,0
id_9882,0
id_9883,0
id_9884,0
id_9885,0
id_9886,0
id_9887,0
id_9888,0
id_9889,0
id_9890,0
id_9891,0
id_9892,0
id_9893,0
id_9894,0
id_9895,0
id_9896,0
id_9897,0
id_9898,0
id_9899,0
id_9900,0
id_9901,0
id_9902,0
id_9903,0
id_9904,0
id_9905,0
id_9906,0
id_9907,0
id_9908,0
id_9909,0
id_9910,0
id_9911,0
id_9912,0
id_9913,0
id_9914,0
id_9915,0
id_9916,0
id_9917,0
id_9918,0
id_9919,0
id_9920,0
id_9921,0
id_9922,0
id_9923,0
id_9924,0
id_9925,0
id_9926,0
id_9927,0
id_9928,0
id_9929,0
id_9930,0
id_9931,0
id_9932,0
id_9933,0
id_9934,0
id_9935,0
id_9936,0
id_9937,0
id_9938,0
id_9939,0
id_9940,0
id_9941,0
id_9942,0
id_9943,0
id_9944,0
id_9945,0
id_9946,0
id_9947,0
id_9948,0
id_9949,0
id_9950,0
id_9951,0
id_9952,0
id_9953,0
id_9954,0
id_9955,0
id_9956,0
id_9957,0
id_9958,0
id_9959,0
id_9960,0
id_9961,0
id_9962,0
id_9963,0
id_9964,0
id_9965,0
id_9966,0
id_9967,0
id_9968,0
id_9969,0
id_9970,0
id_9971,0
id_9972,0
id_9973,0
id_9974,0
id_9975,0
id_9976,0
id_9977,0
id_9978,0
id_9979,0
id_9980,0
id_9981,0
id_9982,0
id_9983,0
id_9984,0
id_9985,0
id_9986,0
id_9987,0
id_9988,0
id_9989,0
id_9990,0
id_9991,0
id_9992,0
id_9993,0
id_9994,0
id_9995,0
id_9996,0
id_9997,0
id_9998,0
id_9999,0
